Tag,actual_y,estimated_y,error_of_y(actual_y-estimated_y)
10561,419.0,524.6010718615084,-105.60107186150844
18142,479.0,463.5976320811854,15.402367918814605
147,483.0,518.5347034667551,-35.534703466755104
2640,329.0,364.50338683063075,-35.503386830630745
11097,469.0,526.9205118998779,-57.92051189987785
18589,605.0,527.3773223623136,77.62267763768637
1571,523.0,533.9849330757904,-10.984933075790423
16688,587.0,601.1911721299093,-14.191172129909319
19215,436.0,475.39742753412725,-39.397427534127246
1220,576.0,522.0650028559979,53.93499714400207
7539,525.0,526.4154945072147,-1.415494507214703
4560,567.0,572.3504530327194,-5.350453032719429
2690,452.0,451.5861312827015,0.4138687172984987
8056,457.0,451.71395403020455,5.2860459697954525
2858,405.0058726,440.98547393791966,-35.97960133791969
10223,532.0,525.2657170814035,6.734282918596477
7796,536.0,520.504153885017,15.49584611498301
14708,454.0,481.8358308616316,-27.83583086163162
3363,398.0,514.1312941768906,-116.1312941768906
12111,538.0,552.4564832325105,-14.45648323251055
3854,411.0,426.0517129707432,-15.05171297074321
19371,469.0,422.9552926232017,46.04470737679833
9732,440.0,463.38394759328287,-23.38394759328287
2251,536.0,603.9406172171973,-67.94061721719731
5730,748.0,592.772817315044,155.227182684956
4094,475.0,485.4256387306904,-10.425638730690423
19752,554.0,559.6418396930218,-5.64183969302178
11750,527.0,494.97369583741516,32.026304162584836
12437,498.0,491.2274169272903,6.772583072709722
11419,359.0,405.9892502613255,-46.98925026132548
3971,437.0,501.7741328645947,-64.77413286459472
8484,470.0,495.469906401817,-25.469906401817013
17634,418.0,403.3591148986398,14.640885101360197
6924,417.0,417.9923958994482,-0.9923958994481836
13958,493.0,479.24440984124135,13.75559015875865
14142,467.2897196,536.0837855276964,-68.79406592769635
588,566.0,543.4849009040857,22.515099095914252
1170,390.0,426.7695553029547,-36.7695553029547
4396,415.0,383.59635779472364,31.403642205276356
18373,445.0,480.34796224025735,-35.347962240257345
3146,626.0,601.0041762506978,24.99582374930219
17510,464.0,456.966374323858,7.03362567614198
9088,705.0,693.8562901549421,11.143709845057856
3264,658.0,546.0088374575151,111.99116254248486
13851,622.0,595.4554960599019,26.54450394009814
3644,426.0,417.82107764631985,8.17892235368015
10264,538.0,538.3915095117682,-0.39150951176816307
13628,487.0,507.67290532312427,-20.67290532312427
19036,590.0,619.4941747064483,-29.494174706448348
4453,564.0,506.5487171797363,57.451282820263714
20159,765.0,629.4203102827001,135.57968971729986
12222,485.0,474.3794490049181,10.620550995081885
1482,468.0,518.5156268112893,-50.51562681128928
7341,423.0,427.0084068099835,-4.008406809983512
2615,374.0,407.630916435808,-33.63091643580799
16630,883.0,581.4489102211876,301.5510897788124
19259,496.0,497.579028084893,-1.5790280848930252
2435,663.0,665.5662982120522,-2.5662982120521747
3421,614.0,603.4145942333574,10.585405766642566
3659,518.0,520.2666263659036,-2.266626365903562
18609,511.0,601.1712827015923,-90.1712827015923
11838,469.0,486.9670092016073,-17.96700920160731
2203,518.134715,558.8957251011609,-40.76101010116088
8707,452.0,442.7752195252526,9.224780474747377
9568,393.0,371.86977639359475,21.130223606405252
9990,438.0,457.5670843664243,-19.567084366424297
112,472.0,468.74393691193666,3.2560630880633425
4305,469.9916452,456.56766843587485,13.423976764125143
17472,428.0,451.89918939494316,-23.899189394943164
2920,443.0071324,441.32880836748564,1.6783240325143538
15287,466.0,540.7921252420746,-74.79212524207458
12552,450.0,468.71025362307,-18.710253623070003
5641,422.0,424.08439110894506,-2.0843911089450557
15326,418.0,445.59385060571515,-27.593850605715147
3218,613.0,619.0539147483966,-6.053914748396551
13506,473.0,552.404538808107,-79.40453880810696
13492,462.0,513.8515903172303,-51.85159031723026
649,649.0,553.2925562146737,95.70744378532629
18864,580.0,530.931217677454,49.068782322545985
19264,440.0,524.83773031668,-84.83773031668
14499,449.0,467.3813559216315,-18.381355921631496
13738,454.0,476.4512007044293,-22.45120070442931
13444,396.0,433.9504869132399,-37.9504869132399
1285,617.0,614.0487041876023,2.9512958123976887
8203,402.0,485.8453773334169,-83.84537733341688
17983,451.0,470.1439496243802,-19.143949624380184
15054,521.0,487.57488506945015,33.42511493054985
15143,502.0,593.8514205060981,-91.85142050609807
4471,339.9048266,358.7339859941589,-18.82915939415892
13791,534.0,531.7839585519108,2.216041448089186
12542,483.0,524.6546417256901,-41.65464172569011
12919,668.0,601.9277085597453,66.07229144025473
13825,328.0,351.7839596618973,-23.783959661897313
3871,505.0,487.6400484912989,17.3599515087011
11002,518.0,359.46240944487727,158.53759055512273
9173,561.0,624.486250422786,-63.48625042278604
12200,600.0,560.9717031528521,39.028296847147885
8699,473.0,462.76639703182144,10.233602968178559
13813,304.0,377.82245282562593,-73.82245282562593
6828,416.0,425.07500246284286,-9.07500246284286
4051,615.0,589.6764315510247,25.323568448975266
12787,486.0,485.51860811450365,0.48139188549635037
19237,428.0,542.3003128354188,-114.30031283541882
11820,576.3688761,566.1301846824094,10.23869141759053
780,629.0,633.7146297300322,-4.714629730032243
16036,490.0,452.2279363209794,37.77206367902062
4797,530.5039788,509.3721603710242,21.131818428975805
3057,478.0,468.8825623354648,9.117437664535203
802,448.0,461.4135763806213,-13.413576380621294
5154,480.0,466.1291530187516,13.870846981248405
16888,526.0,564.075084602439,-38.075084602439006
1052,442.99,397.9791580825611,45.01084191743888
5552,435.0,480.02020042344253,-45.02020042344253
4090,558.0,506.73730326691293,51.26269673308707
2151,453.0,430.24167052466737,22.75832947533263
14096,511.0,524.6447151732459,-13.644715173245913
12808,655.0,598.8411000607687,56.15889993923133
12662,422.0,418.2485025577173,3.751497442282698
4288,536.0,507.3811142526099,28.618885747390095
6531,533.0,620.2726449247341,-87.2726449247341
1511,519.0,558.7998092443162,-39.79980924431618
8702,461.0,449.4008307474715,11.599169252528498
924,376.0,489.52165062659003,-113.52165062659003
4154,611.0,593.5740870963376,17.42591290366238
2190,487.0920604,529.7762287148097,-42.68416831480971
5814,512.4998719,489.1345399433017,23.3653319566983
14982,659.0,597.3602412849801,61.639758715019866
5420,382.0,418.78625515498635,-36.78625515498635
19452,475.0,452.2636407235851,22.736359276414873
11429,446.0,483.0411348764783,-37.04113487647828
12592,661.0,642.317633483848,18.682366516152
2645,409.0,495.76650102495734,-86.76650102495734
4353,497.0,515.5168062100655,-18.51680621006551
9460,629.0,602.0589648056067,26.941035194393294
5726,680.0,685.7544255100399,-5.754425510039937
5837,458.9998394,454.4564468876835,4.543392512316473
19384,420.0,433.8432203418339,-13.843220341833899
4810,423.0,464.14292317665684,-41.142923176656836
6746,495.0,489.9779368436418,5.022063156358172
6818,407.0,430.2107146056916,-23.210714605691578
6966,448.0,449.3079164525229,-1.3079164525228748
13166,411.0,468.3874069087711,-57.387406908771084
2702,338.0,450.76566616203274,-112.76566616203274
4018,444.0,495.59070544139945,-51.59070544139945
12275,544.0,557.124378755138,-13.124378755137968
18151,481.0,475.47496367436787,5.525036325632129
5722,687.0,710.4862476861289,-23.486247686128877
7661,374.0,508.36556215725807,-134.36556215725807
4013,735.0,578.027965109184,156.97203489081596
18098,440.0,451.4390335282225,-11.439033528222524
3357,396.0,470.5140650702876,-74.51406507028759
1256,562.0,526.4009643319674,35.59903566803257
16937,515.0,557.8669557004098,-42.86695570040979
12329,417.0,449.46840666347555,-32.46840666347555
4021,445.0,504.89609569036156,-59.89609569036156
4915,362.0,443.44494363431824,-81.44494363431824
8629,401.0,446.13858936034546,-45.13858936034546
4071,463.0,485.49196816376116,-22.491968163761157
7802,558.0,476.51127288550407,81.48872711449593
13722,462.0,479.47380288057644,-17.473802880576443
8425,435.5,496.13222898328684,-60.632228983286836
19636,511.0,595.4053594422236,-84.40535944222358
11808,578.0346821,555.1454755889071,22.889206511092993
12847,603.0,550.1530019733875,52.84699802661248
14010,408.0,466.5105130468208,-58.51051304682079
12102,536.0,529.6229863083106,6.377013691689399
6171,648.0,649.5134997053856,-1.513499705385584
1485,524.0,482.15196665539264,41.84803334460736
2408,387.0,433.48771572602436,-46.48771572602436
10519,527.0,539.6205825956786,-12.62058259567857
4116,494.0,500.6199236375784,-6.619923637578381
11763,430.0,440.65853340161675,-10.65853340161675
13792,552.0,542.0942506375596,9.90574936244036
20081,412.0,497.7709016250908,-85.7709016250908
17083,415.0,457.6363869160598,-42.63638691605979
5052,376.0,397.8205528398552,-21.820552839855225
4083,567.0,548.3130259909246,18.686974009075357
3482,433.0,495.3960317780621,-62.39603177806208
18100,446.0,446.60658451030247,-0.6065845103024685
18597,498.0,544.9866242403684,-46.98662424036843
16141,487.5,481.3704507912637,6.129549208736307
5277,474.8338082,456.82944928347416,18.00435891652586
1081,480.0,440.1696672073436,39.83033279265641
9097,697.0,652.4101130589049,44.589886941095074
18125,485.0,469.89804309529904,15.101956904700955
8089,365.0,365.41112730023684,-0.4111273002368421
12558,569.0,515.4527581266101,53.54724187338991
12973,445.0,453.34218305425355,-8.342183054253553
19918,514.0,500.1893869851588,13.81061301484118
17894,583.0,539.0653891859666,43.93461081403336
4156,615.0,590.6299647610053,24.37003523899466
428,471.0,449.92919105013385,21.070808949866148
851,418.0,428.46567768302833,-10.465677683028332
17949,606.0,597.6514672783106,8.348532721689367
6080,420.0,426.2537995828297,-6.253799582829686
18514,539.0,433.1059419774882,105.89405802251179
13079,515.0,571.7720166756063,-56.772016675606324
14629,377.0,590.7175211089575,-213.7175211089575
5189,512.0,518.6434830156812,-6.643483015681227
11392,532.0,558.8927843159786,-26.892784315978588
13433,473.0,527.6356566859462,-54.635656685946174
6545,520.8067941,575.2310232786829,-54.42422917868282
7225,495.0,476.02037775877176,18.979622241228242
15637,513.0,435.56591250508603,77.43408749491397
15117,550.0,503.8976852257215,46.10231477427851
13300,419.0,406.4897932871555,12.510206712844479
13118,498.0,448.81433880801876,49.18566119198124
16598,628.0,535.3627716807017,92.63722831929829
9123,415.5067104,384.60442891492124,30.90228148507873
19359,511.0,459.2526173714069,51.74738262859307
12863,461.0,496.55928837544974,-35.55928837544974
7737,415.0,446.46961407857964,-31.46961407857964
6443,495.0,518.3956068351944,-23.39560683519437
5022,417.0,520.4254031386741,-103.42540313867414
3525,498.0,494.8139669008417,3.186033099158294
18154,478.0,480.5633619814605,-2.5633619814605026
4127,577.0,492.0366122276954,84.9633877723046
9160,402.4954719,460.47860722342455,-57.98313532342456
13235,406.0,515.5588016570265,-109.55880165702649
14028,408.0,420.11138792613093,-12.11138792613093
17575,485.0,570.9844345882957,-85.9844345882957
7460,664.0,701.7238422654477,-37.72384226544773
14487,573.0,515.0826143166956,57.91738568330436
8364,602.0,539.4920674764002,62.507932523599834
10251,516.5,492.20585650124525,24.29414349875475
17804,634.0,611.1932354180569,22.80676458194307
8252,405.0,487.0141712314146,-82.0141712314146
16578,655.0,607.9286667576266,47.071333242373385
12669,417.0,421.89829017784314,-4.898290177843137
4989,585.0,588.2817100261465,-3.2817100261464702
2174,570.1254276,508.11921728742516,62.00621031257481
19463,600.0,560.6262657105652,39.373734289434765
6238,376.0,411.3172119182804,-35.31721191828041
1080,552.0,558.4097390298292,-6.409739029829211
5871,451.0,482.5361584837875,-31.536158483787517
15290,560.0,465.98561356602744,94.01438643397256
1101,578.0,573.9152107176908,4.0847892823092025
19568,594.0,581.0865061473934,12.91349385260662
12441,541.0,469.0992305562395,71.90076944376051
1089,425.0,484.43037779843644,-59.43037779843644
3516,415.0,420.78958145994505,-5.789581459945055
558,397.0,489.3795724360757,-92.3795724360757
6400,536.0,524.5175271264325,11.48247287356753
15428,570.0,531.7551361432547,38.24486385674527
4490,488.997555,407.847245500227,81.15030949977296
6454,590.0,553.7043680737652,36.29563192623482
7511,385.000385,449.3857529203807,-64.3853679203807
7716,405.0,410.56195883828116,-5.561958838281157
4612,433.0,424.97965573515876,8.020344264841242
11532,528.0,550.3288757387116,-22.328875738711645
7305,465.0,465.7830353167544,-0.7830353167544217
13124,313.0,422.34736570607714,-109.34736570607714
9603,494.0,537.4431520099055,-43.443152009905475
7913,437.0,467.2503918817655,-30.250391881765495
1949,518.0,503.52905670017094,14.47094329982906
6154,491.0,526.1010383583782,-35.10103835837822
18834,545.0,466.70519085395983,78.29480914604017
15929,475.0,503.5232476911531,-28.523247691153074
11887,570.0,563.2245187964602,6.775481203539812
6521,547.0,572.3612368601115,-25.36123686011149
15330,436.0,418.8400814208121,17.159918579187888
2074,377.0,412.47808266976097,-35.478082669760965
15626,414.0,395.76185836819263,18.238141631807366
16562,697.0,664.7222025865735,32.27779741342647
5597,460.0,472.9926799988288,-12.992679998828805
16850,557.0,528.4260216882943,28.573978311705673
13567,374.0,422.5970545794269,-48.597054579426924
8176,390.0,419.96194167561146,-29.961941675611456
17149,408.0,460.51699379192297,-52.51699379192297
969,415.0,434.13064200583773,-19.13064200583773
1155,443.0,441.15434372225866,1.845656277741341
4397,410.0,392.05777787436466,17.94222212563534
13141,436.0,436.50526906092614,-0.505269060926139
9961,544.0,574.0121207557111,-30.012120755711067
16162,460.0,445.57861222614486,14.421387773855145
1311,471.0,478.25258654278156,-7.2525865427815575
3425,643.0,591.9282678890133,51.07173211098666
7318,538.0,501.9168050481463,36.08319495185373
7247,561.0,522.7380838740645,38.2619161259355
10112,589.0,515.461146708087,73.53885329191303
8067,385.0,391.55268141796626,-6.552681417966255
13550,383.0,372.7036806456059,10.296319354394086
19058,533.0,510.28484999774554,22.71515000225446
13384,443.0,463.7268161811084,-20.726816181108404
18958,486.0,491.2041099783315,-5.2041099783314735
7962,662.0,724.8890138608203,-62.88901386082034
12956,640.0,446.31476740716175,193.68523259283825
12155,521.0,541.8925055254684,-20.892505525468437
16164,441.754386,459.45499838553764,-17.700612385537625
15052,502.0,466.9834517656115,35.016548234388495
3439,587.0,565.5813935905948,21.418606409405243
17255,412.0,435.7145070343074,-23.714507034307417
7901,483.0,440.4553515633221,42.5446484366779
4617,420.0,431.87278590642586,-11.872785906425861
9773,590.0,600.6166749827717,-10.616674982771656
11925,439.0,433.75105316014316,5.248946839856842
17652,485.0,489.75957858746585,-4.759578587465853
7706,402.0,470.266649400783,-68.26664940078302
15149,605.0,513.039916264426,91.96008373557402
11413,378.0,369.16883238803507,8.83116761196493
9720,363.0,387.4185109580335,-24.418510958033494
15006,577.0,624.2112683391442,-47.211268339144226
20129,645.0,453.9617477560225,191.03825224397752
15484,518.0,575.3509068158743,-57.35090681587428
370,610.0,579.2329037964954,30.767096203504593
19858,508.0,509.32434326782396,-1.3243432678239628
13990,424.0,480.81222736195457,-56.81222736195457
5827,483.5005439,501.1474033529746,-17.64685945297458
14429,446.0,465.0003067185939,-19.00030671859389
12621,436.0,435.4158754911339,0.5841245088661253
1342,372.0,499.27705189659036,-127.27705189659036
4177,619.0,605.5728120519398,13.427187948060237
7985,717.0,717.3897149746915,-0.3897149746915147
5589,458.0,445.83251985611173,12.16748014388827
13828,547.0,547.0816384087718,-0.08163840877182338
18992,757.0,620.2595963145615,136.74040368543854
5195,539.0,526.3169954730711,12.683004526928926
17947,603.0,606.8787996228153,-3.878799622815336
9436,581.0,574.2766143948683,6.723385605131739
17460,705.0,636.9405797251454,68.05942027485457
12435,442.0,514.6868153390864,-72.68681533908637
17326,568.0,584.8348407422338,-16.834840742233837
163,461.0,499.9369826164101,-38.93698261641009
11378,653.0,497.7489529688131,155.25104703118689
11227,373.0,451.6916721239109,-78.6916721239109
19381,504.0,530.1303147808713,-26.130314780871345
809,476.0,461.4135763806213,14.586423619378706
10803,570.0,487.6168809381066,82.38311906189341
17124,459.0,435.60836073833104,23.391639261668956
12862,495.0,464.43624221490205,30.56375778509795
17451,635.0,618.518152593625,16.481847406374982
13057,380.0,426.36942396458954,-46.369423964589544
2392,390.0,419.2343245700561,-29.234324570056117
19152,726.0,703.8765851428509,22.1234148571491
7611,511.0,512.4014896258777,-1.4014896258777298
7257,354.0,382.4412003207507,-28.44120032075068
9550,503.0,486.61475630417823,16.38524369582177
3446,393.0,513.7416466917965,-120.74164669179652
8240,537.0,553.8814821159756,-16.881482115975587
823,431.0,428.21641776425747,2.7835822357425286
17435,634.0,584.9921343922341,49.00786560776589
19679,393.0,419.3885461829469,-26.388546182946925
9205,741.0,626.5417449010059,114.45825509899407
7805,490.0,508.70227709997505,-18.70227709997505
18377,437.0,436.1361833938177,0.8638166061822972
12795,514.0,464.62522606639374,49.374773933606264
6915,478.0,445.6978262380029,32.302173761997096
19714,584.0,562.2490244952897,21.750975504710254
16595,676.0,635.3299241433352,40.670075856664766
6331,469.0,502.009630118307,-33.00963011830697
19927,541.0,538.4805520969184,2.519447903081641
11006,421.0,436.07196928684596,-15.071969286845956
4167,472.0,483.49620078907446,-11.496200789074464
5319,559.9104143,508.9122220462565,50.99819225374347
9833,532.0,502.2227695226429,29.77723047735708
17829,684.0,681.7023796285946,2.297620371405401
12869,462.0,557.1473891710687,-95.14738917106865
10865,496.0,526.4160011926136,-30.416001192613635
13793,530.0,545.8084244590926,-15.808424459092635
9435,573.0,580.110312463529,-7.110312463528999
5395,451.0,467.8114415498054,-16.81144154980541
5133,534.0,516.0512167354813,17.948783264518738
10661,654.0,652.0433684338047,1.9566315661952558
15426,499.0,525.6630956164834,-26.66309561648336
17462,738.0,684.0567761640981,53.943223835901904
4399,424.0,383.59635779472364,40.403642205276356
7623,469.0,482.08226105541576,-13.082261055415756
7709,390.0,419.03053822440967,-29.030538224409668
6247,471.0,534.1095388748308,-63.10953887483083
6090,431.0,418.5859326585487,12.4140673414513
1974,507.0,504.3755570857403,2.6244429142597028
8797,604.0,553.9001330655817,50.09986693441829
19261,497.0,495.3670099030976,1.6329900969024038
9910,461.0,549.549559790602,-88.54955979060196
5262,524.6589717,517.602686203752,7.0562854962480515
3064,487.0,455.692747073541,31.307252926459
15053,505.0,485.15268714093463,19.84731285906537
15592,661.0,522.0893831947931,138.91061680520693
5644,424.0,423.0692322985388,0.9307677014612068
1802,586.0,568.9215551158456,17.07844488415435
11036,456.0,466.02319874577563,-10.02319874577563
4929,480.0,422.14803974208485,57.85196025791515
3899,531.0,558.0978532833699,-27.097853283369886
11105,420.0,453.7604266001037,-33.7604266001037
769,614.0,539.7702012413531,74.2297987586469
17874,518.0,450.51533673609396,67.48466326390604
19671,472.0,462.7068684163151,9.293131583684897
15457,462.0,463.9360287985988,-1.9360287985987839
11433,482.0,483.0411348764783,-1.0411348764782815
7458,679.0,674.6292517939621,4.370748206037888
12814,397.0,430.8529254342773,-33.852925434277324
13260,621.0,657.4451053811778,-36.44510538117777
5818,529.8546609,482.9266859175326,46.92797498246739
12810,397.0,404.5802047491731,-7.580204749173106
3098,362.0040544,422.28986772265796,-60.28581332265799
19118,492.0,534.5602553219593,-42.56025532195929
6699,502.0,487.6319538027594,14.368046197240574
14240,424.0,477.45937658994785,-53.45937658994785
10238,548.0,543.1567892738988,4.843210726101233
12208,532.0,557.8453420337128,-25.845342033712768
8048,471.0,433.99987429825296,37.00012570174704
12315,404.0,439.3282221520913,-35.328222152091314
14188,456.4,474.58837681882926,-18.188376818829283
12658,504.0,437.90876157095454,66.09123842904546
13394,446.0,478.3410415209453,-32.34104152094528
4393,383.0,416.1235792155083,-33.1235792155083
1070,385.0,384.5464809604203,0.4535190395797031
13924,534.0,430.03980414057537,103.96019585942463
5514,433.0769231,446.6699420432591,-13.593018943259096
1576,560.0,447.62415656547256,112.37584343452744
1035,405.14,430.9411495260729,-25.80114952607289
3522,513.0,493.3552630420998,19.644736957900193
13861,611.0,549.5672943626266,61.432705637373374
2207,567.8591709,515.5593135813713,52.29985731862871
8981,427.0,479.3673317851931,-52.36733178519307
3091,408.997955,422.28986772265796,-13.291912722657969
11010,421.0,437.6077976175036,-16.607797617503593
18953,697.0,556.6397395913611,140.36026040863885
17324,483.0,520.0707671085403,-37.07076710854028
4932,320.0,408.13107902157003,-88.13107902157003
6488,597.0,616.7051438874306,-19.70514388743061
18576,510.0,471.5774932718526,38.422506728147425
9527,532.0,488.8356467139574,43.164353286042626
3657,493.0,521.5527314015598,-28.552731401559754
9371,548.0524345,469.53442828645177,78.51800621354823
9120,382.49694,391.6724095379741,-9.175469537974095
6857,550.5043587,506.83126432814015,43.67309437185986
14019,466.0,418.66228409124165,47.337715908758355
19864,493.0,537.2268630468832,-44.22686304688318
3830,529.0,517.3752008048912,11.624799195108835
13982,520.0,517.9488823068343,2.051117693165679
18863,580.0,579.513832521628,0.4861674783719536
9719,373.0,383.5713019004934,-10.571301900493381
17311,467.1111111,570.5737466335626,-103.46263553356255
10524,637.0,558.4194789641732,78.58052103582679
13549,376.0,376.8228791747109,-0.8228791747109199
18121,444.0,461.74335887495073,-17.74335887495073
1584,418.0,466.33101476999417,-48.33101476999417
14537,572.0,552.1414932482788,19.858506751721166
2662,404.0,479.48586889030474,-75.48586889030474
2580,368.0,415.6972609615516,-47.69726096155159
19244,621.0,612.8687011645302,8.131298835469806
4077,577.0,534.728810764261,42.27118923573903
7245,538.0,575.3010909799814,-37.30109097998138
4060,632.0,585.9905983607111,46.00940163928885
2519,523.0,492.4820130466497,30.517986953350317
1282,615.0,590.5116176628205,24.488382337179473
18405,412.0,462.99405865930976,-50.99405865930976
7406,454.0,522.5500719535817,-68.55007195358166
13638,503.0,494.45426458692094,8.545735413079058
19673,430.0,434.0895234715266,-4.089523471526604
2782,580.0,456.7555773773063,123.24442262269372
3192,720.0,705.6006308381612,14.399369161838763
19734,478.0,435.0440461821947,42.95595381780532
7044,452.0,547.58613478883,-95.58613478883001
19100,707.0,542.1853864774142,164.81461352258577
20098,454.0,446.8555806313243,7.144419368675699
11895,403.0,385.51697825029396,17.48302174970604
13321,550.0,453.726711096079,96.27328890392101
14102,521.0,520.6423652001971,0.35763479980289503
19399,543.0,556.8307537243076,-13.830753724307556
9642,422.0,455.3403855036955,-33.34038550369547
19211,376.0,392.59185897134006,-16.59185897134006
429,475.0,466.3734944188043,8.626505581195715
2847,492.9994084,440.98547393791966,52.01393446208033
18767,603.0,438.71852006970727,164.28147993029273
2438,663.0,666.3465635334576,-3.3465635334575836
3509,403.0,475.28057486574824,-72.28057486574824
12369,441.0,431.62799708391526,9.372002916084739
434,549.0,451.722135775159,97.27786422484098
7474,670.0,635.05450796685,34.94549203315
1573,548.0,447.62415656547256,100.37584343452744
13021,395.0,401.01171783254915,-6.011717832549152
12700,418.0,428.1459778063174,-10.145977806317376
489,655.0,547.6742032157028,107.32579678429715
13474,405.0,510.7204866715769,-105.72048667157691
13445,401.0,529.7729977686228,-128.77299776862276
4677,397.0,425.8933132723328,-28.89331327233282
17539,557.0,482.46544700379104,74.53455299620896
1601,461.0,494.0344684928843,-33.03446849288429
4725,504.0,458.56629838850307,45.43370161149693
11764,443.0,437.82278569502824,5.177214304971756
6811,416.0,466.17315258443955,-50.17315258443955
4628,506.0,530.1195680615419,-24.11956806154194
3548,500.0,518.9437601179816,-18.943760117981583
12622,431.0,442.49856722868054,-11.498567228680542
4157,555.0,574.6967362327889,-19.696736232788908
4760,541.6,564.3285334909822,-22.72853349098216
1613,410.0,477.2584981377626,-67.25849813776261
2991,394.0,433.96359446360884,-39.96359446360884
17328,580.0,581.0240255014569,-1.0240255014568902
14711,484.0,454.9879441233121,29.012055876687896
14833,469.0,547.3977473952093,-78.39774739520931
15097,577.0,476.26717028247486,100.73282971752514
11141,358.0,430.46844489687084,-72.46844489687084
3450,503.0,413.3204852574598,89.67951474254022
19965,635.0,637.753076158767,-2.753076158767044
11947,566.0,467.36801549252505,98.63198450747495
1292,388.0,452.135491539163,-64.13549153916301
17705,524.0,552.9406959363766,-28.940695936376642
9765,540.0,546.0732304668963,-6.073230466896348
12590,647.0,655.5628030061788,-8.562803006178797
11779,507.0,526.3970740131101,-19.397074013110114
18875,521.0,493.6638563474296,27.3361436525704
1156,436.0,444.8794815642643,-8.879481564264324
11780,526.0,507.39430379430127,18.605696205698735
9188,638.0,635.3220018869193,2.677998113080662
1467,495.0,502.00495229350014,-7.004952293500139
16187,433.0,487.89807983476453,-54.89807983476453
1908,458.0,430.5081675319706,27.491832468029372
15920,477.0,482.2924372558807,-5.292437255880714
5079,352.0,360.6644217445697,-8.664421744569722
3380,400.0,411.09831366194607,-11.098313661946065
9444,573.0,585.1273964440417,-12.127396444041665
10620,567.0,564.5955163772014,2.4044836227985797
3417,572.0,621.8801308550372,-49.88013085503724
8413,492.0,513.4050300833844,-21.405030083384418
14491,432.0,453.0911431463289,-21.091143146328875
17979,350.0,357.0019233765342,-7.001923376534194
5414,383.0,408.73697671485263,-25.73697671485263
5980,577.0,560.5602457905676,16.439754209432408
5647,425.0,423.7413878947118,1.2586121052881936
1564,526.0,496.8765683938829,29.123431606117094
11407,346.0,409.9706604726666,-63.97066047266662
11782,531.0,507.39430379430127,23.605696205698735
16159,428.0,459.45499838553764,-31.454998385537635
10642,555.0,554.4982502776791,0.5017497223209375
14661,463.0,479.7545576437787,-16.754557643778696
6009,553.0,552.0468507159586,0.9531492840413875
17536,524.0,482.46544700379104,41.53455299620896
5104,428.0,451.8209903030786,-23.820990303078588
9101,363.5966985,395.7184784488985,-32.12177994889851
6340,501.0,552.1325057244247,-51.13250572442473
17597,635.0,486.28208724973035,148.71791275026965
18768,440.0,434.3058970963698,5.69410290363021
2672,437.0,418.70065797861173,18.29934202138827
13407,464.0,422.9628141053287,41.037185894671325
757,469.0,466.9651442612182,2.0348557387818005
2709,516.0,441.4679459585607,74.53205404143932
3758,537.0,533.5885633174747,3.4114366825252773
6133,392.0,408.4524626233488,-16.452462623348822
2911,456.9966182,421.0800567910896,35.91656140891041
3059,440.2,490.0397569693553,-49.839756969355335
12707,431.0,422.12967282851,8.870327171489976
9187,637.0,640.0760367179405,-3.0760367179404966
1828,488.0,491.2728154652208,-3.2728154652207877
5057,391.0,386.1981762748922,4.801823725107795
18641,403.0,490.516126237863,-87.51612623786298
3745,543.3518006,513.1394714282368,30.21232917176326
3144,521.0,509.53824038631245,11.461759613687548
8098,350.0,367.0565739407539,-17.05657394075388
3453,532.0,413.3204852574598,118.67951474254022
19833,558.0,538.5600578587191,19.43994214128088
4159,587.0,550.0408898870754,36.95911011292458
18484,503.0,511.4542548608217,-8.45425486082172
18298,439.0,448.7203660536203,-9.720366053620296
8080,357.0,371.7391206233267,-14.739120623326698
7001,455.0,442.7328377134264,12.26716228657358
13789,527.0,500.06167843881707,26.93832156118293
6821,543.0,470.63606801449066,72.36393198550934
4577,718.0,566.0357642385532,151.96423576144684
12825,715.0,622.2518261551559,92.74817384484413
2568,388.0,452.8881024459897,-64.88810244598972
18846,575.0,530.346367022472,44.65363297752799
7729,396.0,425.82383671380444,-29.82383671380444
17883,492.0,447.7375253257326,44.26247467426742
1959,484.0,492.0366122276954,-8.0366122276954
13968,550.0,478.02951360476004,71.97048639523996
1071,535.0,565.2600006510886,-30.260000651088603
16609,602.0,545.83915157564,56.16084842435998
11135,360.0,430.46844489687084,-70.46844489687084
10580,513.0,516.1394189366018,-3.139418936601828
6175,641.0,650.632991265385,-9.632991265385044
852,421.0,423.19664622150344,-2.1966462215034426
5531,324.0,368.02166057227794,-44.02166057227794
2064,377.0,377.94588402333693,-0.9458840233369301
4469,323.4152652,352.6271892991679,-29.211924099167902
12210,646.0,557.8453420337128,88.15465796628723
7333,390.0,479.3436566364137,-89.3436566364137
20150,653.0,552.2823880915612,100.71761190843881
3965,443.0,501.7741328645947,-58.77413286459472
14162,490.9180167,475.66571189778693,15.252304802213075
4561,556.0,577.9552156267957,-21.955215626795734
19838,560.0,531.9453148699673,28.05468513003268
18814,614.0,579.1994229216652,34.800577078334754
3904,551.0,543.0761688197458,7.923831180254183
16554,630.0,546.4225011553893,83.57749884461066
12937,665.0,611.5333578676111,53.46664213238887
8162,426.0,472.3266882960337,-46.326688296033694
10243,551.5,557.121143517544,-5.621143517544056
4551,542.0,561.7698602370615,-19.769860237061494
16550,706.0,558.3795423327653,147.62045766723475
12597,646.0,643.3581158016408,2.6418841983592074
10825,553.0,519.5293976938638,33.47060230613624
9959,534.0,490.34815834444214,43.65184165555786
7634,587.0,508.2654089981348,78.73459100186523
8483,457.0,507.99189443670986,-50.991894436709856
17272,434.0,492.0281674557178,-58.02816745571778
7427,483.0,550.5652331835246,-67.56523318352458
14014,428.0,444.16531079919395,-16.165310799193946
19021,620.5,588.6911628593205,31.808837140679543
9804,501.0,467.58880256611474,33.41119743388526
5436,469.0,430.2395591689855,38.76044083101448
2737,440.0,465.51598316201586,-25.515983162015857
3261,924.0,639.092801539949,284.90719846005095
8979,544.0,502.2879416009139,41.71205839908612
6987,416.0,461.79551673570484,-45.79551673570484
15620,391.0,417.16849385045373,-26.16849385045373
12090,518.0,530.8002121294294,-12.800212129429383
10056,424.0,433.14442250758214,-9.144422507582135
2980,570.0,450.9955425051054,119.00445749489461
4735,338.0,377.62752348654715,-39.62752348654715
17490,641.0,509.1064122740176,131.8935877259824
14998,615.0,629.8984994900596,-14.898499490059635
8239,561.0,527.5952111953856,33.40478880461444
3178,632.0,662.8727890760958,-30.87278907609584
14095,514.0,519.9200952065006,-5.920095206500605
14705,493.0,443.85636181215705,49.14363818784295
9832,518.0,520.1881942644246,-2.1881942644246237
11798,551.0,555.109562344449,-4.109562344449046
20106,351.0,516.3968839745577,-165.39688397455768
2871,418.0077749,440.98547393791966,-22.97769903791965
20163,466.0,481.43642480146553,-15.436424801465535
779,644.0,621.6700879078355,22.329912092164477
10336,292.4406061,423.49832818043296,-131.05772208043294
979,437.0,439.38453730083154,-2.384537300831539
10638,542.0,561.2916713435585,-19.291671343558505
6496,594.0,618.2462542406769,-24.246254240676876
5725,682.0,680.3621733067476,1.6378266932523502
6598,435.0,497.8166252319875,-62.81662523198747
4388,371.0,416.1235792155083,-45.1235792155083
4269,547.0,516.5813117180613,30.41868828193867
9414,495.0,507.04819019681105,-12.04819019681105
3716,405.0,406.5652732000561,-1.5652732000560832
3694,437.0,472.16154543774843,-35.16154543774843
8974,425.0,474.6864629723358,-49.68646297233579
1938,470.0,484.74974349282496,-14.749743492824962
7622,558.0,504.866943507825,53.133056492175
9783,641.0,566.9915923357853,74.0084076642147
1622,477.0,439.9931560650017,37.0068439349983
11450,369.0,373.4088771906191,-4.40887719061908
4485,318.9792663,326.9141814797064,-7.9349151797063655
10343,497.0,500.0554564446267,-3.0554564446267136
11815,573.0659026,555.1454755889071,17.920427011092897
18424,500.0,520.6570084649469,-20.657008464946898
13064,454.0,467.9004382891092,-13.900438289109218
14624,461.0,492.534813163289,-31.534813163289016
10194,543.0,519.9176881535038,23.082311846496168
18737,469.0,398.43401512909855,70.56598487090145
3121,382.0001528,391.66745348220627,-9.667300682206246
10260,539.5,537.5502473106063,1.9497526893936765
913,375.0,408.40217385899246,-33.402173858992455
12638,413.0,492.75409274518677,-79.75409274518677
18825,478.0,462.13463531799044,15.865364682009556
18137,466.0,468.70738463685046,-2.7073846368504633
8973,533.0,535.8857839286209,-2.8857839286208673
17664,473.0,498.07371821265946,-25.073718212659458
6156,632.0,526.1010383583782,105.89896164162178
6520,549.0,553.2892078111486,-4.289207811148572
19064,509.0,528.1483067553937,-19.14830675539372
8226,503.0,537.9171404175239,-34.91714041752391
7752,405.0,436.32279389547926,-31.322793895479265
19039,603.0,658.6252962513872,-55.625296251387226
7015,428.0,413.2807056868354,14.719294313164596
2542,389.0,441.37728688713867,-52.377286887138666
18664,556.0,505.9066499430295,50.09335005697051
18603,456.0,521.7014877253182,-65.7014877253182
5106,446.0,439.0753905172224,6.924609482777612
18073,472.0,497.836848750642,-25.83684875064199
15396,552.0,546.8824141889634,5.1175858110366335
7740,398.0,389.8160500850152,8.183949914984794
3652,437.0,471.35172801053943,-34.35172801053943
17689,738.0,714.5421243308697,23.457875669130317
620,586.0,540.3881701867243,45.611829813275676
2931,383.9950849,441.32880836748564,-57.33372346748564
13843,601.0,557.0675639883011,43.93243601169888
5423,410.0,408.69517634625794,1.304823653742062
7453,657.0,693.0708994535748,-36.07089945357484
13955,606.0,495.17501123359614,110.82498876640386
18617,485.0,513.5805762723203,-28.580576272320286
19644,661.0,525.3913356513926,135.60866434860736
8020,715.0,619.3300607955533,95.66993920444668
8003,613.0,638.8046985748944,-25.80469857489436
13308,480.0,461.456714264613,18.543285735386974
15067,524.0,456.01427361062747,67.98572638937253
3504,552.0,433.20530455416025,118.79469544583975
3106,438.0201489,390.03456910618587,47.98557979381411
2388,545.0,565.2449547534364,-20.244954753436446
11110,521.0,629.8184129397832,-108.81841293978323
4530,438.0,539.161589019964,-101.16158901996403
4618,409.4164456,464.17231714530914,-54.75587154530916
11909,414.0,443.85212486276674,-29.852124862766743
19431,408.0,429.64672916144303,-21.646729161443034
6120,410.0,593.0646387629536,-183.06463876295356
12278,395.0,438.2999150406249,-43.29991504062491
10346,493.0,588.61833680519,-95.61833680518998
5050,382.0,453.8074581641615,-71.80745816416152
731,537.0,558.4524660159315,-21.452466015931464
5147,611.0,545.4580158600239,65.54198413997608
17283,419.0,474.4874913013652,-55.487491301365196
18673,420.0,487.42334393673843,-67.42334393673843
12703,424.0,425.32020654358263,-1.3202065435826285
12646,423.0,476.99567543601495,-53.99567543601495
14370,493.0,540.0643012463088,-47.06430124630879
12199,541.0,580.4883398657183,-39.48833986571833
18117,460.0,448.505408129446,11.494591870554018
9449,615.0,613.8100689324475,1.189931067552493
14286,415.3266332,414.76561345164544,0.5610197483545676
3718,416.0,416.72556430895065,-0.725564308950652
18055,489.0,405.09389600455705,83.90610399544295
17352,563.0,534.7866188186097,28.213381181390332
16614,650.0,593.8319680933569,56.16803190664314
17948,611.0,599.5375768358028,11.462423164197162
609,427.0,526.7355910324115,-99.73559103241155
6918,443.0,476.30389287345133,-33.30389287345133
10564,381.0,469.30938135590645,-88.30938135590645
12643,487.0,453.70568951910855,33.294310480891454
4438,621.0,544.3319792631552,76.66802073684482
3770,517.0,471.32388279310896,45.676117206891035
8234,563.0,527.5952111953856,35.40478880461444
2584,393.0,415.6972609615516,-22.697260961551592
9893,462.0,506.19409927963056,-44.194099279630564
6234,470.0,456.7456181477341,13.254381852265908
19914,517.0,495.1335822923995,21.866417707600476
4503,527.0,564.0122197614041,-37.01221976140414
7965,677.0,701.7096826639097,-24.70968266390969
12333,484.0,451.94666140745505,32.05333859254495
1478,644.0,619.3462397446141,24.65376025538592
17957,598.0,608.277663454116,-10.27766345411601
876,432.0,460.9147566740984,-28.914756674098385
12716,427.0,420.2217527059729,6.778247294027096
9831,532.0,519.135411376127,12.864588623873033
18332,435.0,481.537150252775,-46.53715025277501
1581,498.0,438.44507475678336,59.554925243216644
14663,484.0,462.3957544109765,21.604245589023492
1272,603.0,603.8802018500246,-0.8802018500246049
19341,599.0,580.5984289932084,18.40157100679164
7876,604.0,576.4350603761607,27.564939623839336
10556,460.0,439.5047074141438,20.49529258585619
18487,523.0,578.1964806454797,-55.19648064547971
2147,680.0,627.1158388561581,52.88416114384188
19081,625.0,558.3167964517795,66.68320354822049
3863,515.0,539.3498393705477,-24.34983937054767
17802,626.0,611.2029541238603,14.797045876139691
19432,389.0,379.3742628684589,9.625737131541086
13821,328.0,366.8596503388499,-38.85965033884992
15548,419.0,459.81282833011477,-40.81282833011477
14097,520.0,520.3754440714484,-0.3754440714484417
16950,537.0,559.0827652380021,-22.08276523800214
13440,390.0,411.74856505304115,-21.748565053041148
15448,415.0,442.66769442215895,-27.667694422158945
3262,830.0,585.7358983984374,244.26410160156263
17493,406.0,457.55588903974433,-51.55588903974433
767,506.0,441.12744925489756,64.87255074510244
14751,684.0,681.8199357937157,2.180064206284328
8223,416.0,485.8453773334169,-69.84537733341688
72,538.0,552.3855507251,-14.38555072509996
17787,635.0,582.5739557000895,52.42604429991047
2469,442.0,492.2911789076022,-50.291178907602216
12851,603.0,542.6635331407388,60.336466859261236
7260,371.0,370.1471253216944,0.8528746783056249
4497,520.0,577.2048481785088,-57.20484817850877
9438,541.0,585.1273964440417,-44.127396444041665
12664,417.0,420.99670174103767,-3.9967017410376684
14242,386.344086,416.8333022307423,-30.489216230742272
9128,423.6031686,440.6495233423582,-17.046354742358176
6335,535.0,585.3353157503689,-50.33531575036886
6824,414.0,427.3415014749389,-13.341501474938923
8791,530.0,613.39933785465,-83.39933785464996
10662,656.0,649.2904576460872,6.709542353912752
5394,422.0,458.3252208388239,-36.325220838823896
5991,621.0,583.3298765177612,37.67012348223875
11843,332.0,384.7495662026442,-52.74956620264419
7167,456.0,471.19385340789535,-15.193853407895347
6178,664.0,642.3701317431066,21.62986825689336
15522,516.0,516.0852784345064,-0.08527843450644923
12641,485.0,492.75409274518677,-7.754092745186767
17744,592.0,583.2731167885356,8.726883211464383
13609,640.0,475.2932363300115,164.7067636699885
10364,666.0,607.3641565052759,58.6358434947241
12221,490.0,470.3865684844582,19.613431515541777
9662,571.0,515.2364655554393,55.76353444456072
3112,384.4970778,393.48273909817823,-8.98566129817823
11145,365.2650823,395.385118244382,-30.120035944381982
18407,432.0,439.352642052291,-7.352642052291003
14109,412.0,491.0835999849487,-79.0835999849487
8696,463.0,468.9071856013635,-5.907185601363494
18141,462.0,470.4481911095628,-8.4481911095628
13725,474.0,468.7370282621666,5.262971737833425
5390,419.0,470.2328784721087,-51.23287847210872
9226,630.0,538.3447742297334,91.65522577026661
18593,645.0,590.76770403188,54.232295968119956
14387,591.0,602.9643272793528,-11.964327279352801
5736,413.0,443.8470554866395,-30.847055486639476
3648,491.0,420.33513992360906,70.66486007639094
10786,438.0,445.8811922968341,-7.881192296834115
10639,550.0,558.317368168986,-8.317368168986036
12015,468.0,484.58798314214926,-16.587983142149255
5671,651.0,593.4154662534216,57.58453374657836
18343,456.0,467.4116818286316,-11.411681828631572
4818,528.0,511.5493694699127,16.450630530087324
17264,427.0,465.4107447621391,-38.410744762139075
877,465.0,449.8554257686021,15.144574231397883
10847,617.0,524.7752928432369,92.22470715676309
13039,400.0,432.48896888492055,-32.48896888492055
8467,452.0,453.97168208180244,-1.9716820818024416
15127,499.0,588.7026905303684,-89.70269053036839
19693,728.0,568.7533041414454,159.24669585855463
2578,409.0,519.7597652083185,-110.75976520831853
7972,626.0,656.0842033525491,-30.08420335254914
13014,390.0,423.10679117101824,-33.106791171018244
7007,423.0,457.5452159423322,-34.54521594233222
13758,472.0,515.3721999349132,-43.37219993491317
11856,489.0,410.3124208034746,78.6875791965254
13893,361.0,453.90994264330516,-92.90994264330516
10241,554.5,554.8998784413141,-0.39987844131405836
19735,478.0,441.554698854403,36.445301145597
17794,602.0,625.8003133365769,-23.80031333657689
2866,441.5011038,438.32510909262726,3.1759947073727517
11791,550.0,556.3503254911302,-6.3503254911302065
11760,435.0,437.82278569502824,-2.8227856950282444
5060,398.0,386.1981762748922,11.801823725107795
3155,622.0,544.2236024959844,77.77639750401556
12532,332.0,519.885156749684,-187.88515674968403
756,452.0,455.181160604812,-3.181160604812021
3260,783.0,625.0053307662124,157.9946692337876
13278,704.0,648.5178383625934,55.48216163740665
7703,393.0,437.34579545426107,-44.345795454261065
6394,527.0,445.23431895815366,81.76568104184634
6252,463.0,422.527876000831,40.472123999169014
2551,388.0,483.34093451079605,-95.34093451079605
18112,459.0,453.5915452380885,5.408454761911514
18299,447.0,450.3634997191967,-3.363499719196682
4386,353.0,416.1235792155083,-63.1235792155083
926,405.0,499.44441258818705,-94.44441258818705
19456,478.0,484.0092020137177,-6.009202013717697
5842,455.499934,458.8672785882956,-3.367344588295623
5136,564.0,582.0601000483103,-18.060100048310346
8062,484.0,432.58700829643607,51.41299170356393
6436,487.0,490.3440490895827,-3.344049089582711
3626,411.0,405.52807255233745,5.4719274476625515
16633,622.0,528.7443641868342,93.25563581316578
13035,390.0,393.02065605569567,-3.0206560556956674
2939,426.0032376,429.1361972270456,-3.1329596270456364
894,548.0,500.80470160920055,47.19529839079945
2246,577.0,542.5211447556683,34.478855244331726
5929,582.0,543.8876945507388,38.11230544926116
7992,763.0,659.3313162484341,103.66868375156594
14391,612.0,583.5988829912941,28.40111700870591
7952,628.0,620.3104214649171,7.689578535082887
4247,454.7500921,438.77838212464883,15.971709975351189
19291,544.0,580.9024369593515,-36.90243695935146
20063,608.0,564.8277423026129,43.17225769738707
6495,600.0,582.824505778229,17.175494221771032
10046,718.0,590.3496565531383,127.65034344686171
13732,458.0,454.7743237138509,3.2256762861491097
10350,429.0,534.9691892951078,-105.96918929510775
15140,600.0,512.679368271663,87.32063172833705
15373,479.0,490.87018650447766,-11.870186504477658
2443,467.0,487.0357540187163,-20.035754018716318
11528,339.0,391.1652662729059,-52.16526627290591
3161,628.0,620.655378994184,7.344621005815952
19090,622.0,603.3335743914646,18.666425608535405
5398,389.0,440.06932163159155,-51.06932163159155
3629,403.0,423.93557211566906,-20.93557211566906
9817,490.0,467.496103678522,22.50389632147801
19362,570.0,475.15929534291126,94.84070465708874
1113,591.0,564.11065737208,26.889342627919973
19720,558.0,587.8394670334872,-29.839467033487153
6702,481.0,487.6319538027594,-6.631953802759426
10367,664.0,650.7393594752485,13.260640524751466
519,436.0,468.41373419823964,-32.41373419823964
5254,515.995872,532.6544939253864,-16.658621925386456
19257,482.0,468.17333892256835,13.826661077431652
17818,699.0,653.6272344055723,45.37276559442773
15465,436.0,463.0610565403733,-27.061056540373272
14492,433.0,476.2257965148059,-43.22579651480589
2739,507.0,458.9576199234122,48.04238007658779
534,432.0,480.6560048665694,-48.65600486656939
10653,538.0,572.8700448661566,-34.870044866156604
14828,413.0,476.2538229753878,-63.25382297538778
18351,482.0,491.4282838060247,-9.428283806024695
12766,555.0,557.4795808763679,-2.4795808763678906
8323,444.0,475.0643652027079,-31.064365202707904
3735,419.9445983,466.9754272710797,-47.0308289710797
19777,475.0,435.86467313441347,39.135326865586535
19820,474.0,522.2180605841726,-48.21806058417258
20038,624.0,628.5120368126443,-4.512036812644283
12273,629.0,559.5681923719252,69.43180762807481
1472,435.0,495.07024948985696,-60.07024948985696
12711,416.0,427.8933466108964,-11.893346610896401
1199,490.0,446.4542129266232,43.5457870733768
10621,567.0,566.2132150750409,0.786784924959079
848,413.0,437.0337845929014,-24.033784592901384
1273,603.0,603.5071598583461,-0.5071598583460855
19213,377.0,416.8468894645291,-39.84688946452911
19753,569.0,549.8097838861943,19.190216113805718
14227,494.0,413.0143637459905,80.98563625400948
6033,480.0,548.0894629675977,-68.08946296759768
2140,601.0,500.58525856388354,100.41474143611646
14775,455.0,439.7097671450967,15.290232854903309
2059,385.0,406.5186405816945,-21.518640581694513
14279,375.2446184,431.9191224347637,-56.67450403476374
18498,446.0,475.0665990012279,-29.066599001227928
3244,597.0,613.868255577172,-16.86825557717202
7927,616.0,529.4165989787838,86.58340102121622
15464,470.0,455.8765675620369,14.123432437963118
827,411.0,449.88378467704706,-38.88378467704706
3212,534.0,516.0512167354813,17.948783264518738
10440,443.0,427.2323045050822,15.767695494917803
1514,570.0,516.4701373722464,53.52986262775357
8137,513.0,488.8615423915148,24.138457608485226
15538,460.0,482.3089583100302,-22.30895831003022
17942,378.0,510.62322737587493,-132.62322737587493
12917,676.0,634.2017093731396,41.79829062686042
9114,366.0054169,384.60442891492124,-18.599012014921243
10790,429.0,455.67212079646487,-26.672120796464867
14702,435.0,488.2923980344025,-53.29239803440248
14024,474.0,445.044284880048,28.955715119952004
4691,440.0,414.52333535743344,25.47666464256656
5167,528.0,479.34734036957843,48.65265963042157
4401,366.0,389.1851940477652,-23.185194047765208
10812,533.0,510.4124364882856,22.587563511714393
15615,493.0,539.1544033430952,-46.15440334309517
19828,552.0,591.2636816051463,-39.2636816051463
1448,524.0,491.6512924062646,32.34870759373541
6982,487.0,516.4494352041795,-29.449435204179508
5157,478.0,466.1291530187516,11.870846981248405
8778,694.0,591.8139160781124,102.18608392188764
4614,412.0,451.1572741343022,-39.15727413430221
6151,506.0,464.75663976723325,41.24336023276675
12317,435.0,411.32690754258465,23.67309245741535
9991,455.0,447.9434513874261,7.05654861257392
122,633.0,506.3204664155891,126.67953358441088
15922,454.0,494.8467262618934,-40.84672626189342
5737,430.0,436.08726483453444,-6.087264834534437
4296,467.9866603,450.39472446175387,17.591935838246116
3818,538.0,522.1738208982925,15.826179101707453
4178,634.0,572.9790231493331,61.0209768506669
18070,495.0,478.66463097117105,16.33536902882895
10055,422.0,443.1768298822999,-21.1768298822999
15213,529.0,473.2883705604177,55.71162943958228
14518,478.0,484.92536642958373,-6.9253664295837325
314,549.0,538.0817109043604,10.91828909563958
2200,515.995872,558.8957251011609,-42.89985310116094
11761,440.0,438.6312820459562,1.3687179540438024
16915,528.0,539.7533723699215,-11.753372369921522
5659,435.0,551.784878616432,-116.78487861643202
6692,578.0,491.4650067233309,86.53499327666913
7002,422.0,468.5500980200927,-46.55009802009272
17440,636.0,587.519939551309,48.480060448691006
1343,385.0,499.27705189659036,-114.27705189659036
19153,740.0,733.516184788975,6.483815211024989
10655,590.0,586.7046664734878,3.295333526512195
17402,672.0,656.3594059361615,15.640594063838535
12403,473.0,487.5581761129245,-14.558176112924514
420,481.0,507.04519464659745,-26.04519464659745
6570,515.0,519.4849385879696,-4.484938587969623
9655,500.0,578.2959442996496,-78.29594429964959
15728,495.0,482.94446754803977,12.055532451960232
8399,461.0,542.6231928076036,-81.62319280760357
8264,440.0,490.73464224947,-50.73464224947003
3114,385.9960628,394.61566634060915,-8.619603540609148
2468,541.0,492.90727690611874,48.09272309388126
15635,438.0,490.94550773519893,-52.94550773519893
9406,417.0,428.1672825571436,-11.167282557143608
16934,517.0,555.460877688069,-38.46087768806899
2967,549.0,475.4802715814326,73.51972841856741
3124,372.4949713,394.61566634060915,-22.120695040609178
14975,610.0,632.0157936460229,-22.01579364602287
12350,550.0,473.28048359780803,76.71951640219197
1275,575.0,563.0380619287185,11.961938071281452
9089,703.0,693.9845178430444,9.015482156955613
12161,446.0,517.9568871616809,-71.95688716168092
19635,498.0,555.9548883342138,-57.95488833421382
16643,635.0,573.1599398508156,61.84006014918441
10319,490.0,511.5695922621665,-21.56959226216651
9602,488.0,500.0798643202695,-12.079864320269508
10366,662.0,607.3641565052759,54.6358434947241
7203,531.0,509.00087794093656,21.99912205906344
1570,549.0,518.1730877603981,30.82691223960194
4463,291.3752914,307.9328976261274,-16.557606226127405
8532,621.0,496.80813292571383,124.19186707428617
2445,476.0,482.52460359545574,-6.524603595455744
132,683.0,479.7490808964559,203.2509191035441
15226,503.0,545.7782542043458,-42.778254204345785
3630,392.0,423.93557211566906,-31.93557211566906
19930,594.0,566.7599624978018,27.24003750219822
9802,519.0,469.81862427902394,49.181375720976064
11790,551.0,553.6689049761861,-2.668904976186127
2231,583.0,474.8612377380179,108.1387622619821
9132,446.0104366,422.09401693757457,23.916419662425426
16899,517.0,574.6241929712681,-57.624192971268144
18289,469.0,474.78496521180216,-5.7849652118021595
17557,387.0,451.6444764292969,-64.6444764292969
7800,548.0,512.7317147799362,35.26828522006383
4780,519.4805195,519.676540120426,-0.19602062042599755
15840,504.0,556.6434071484878,-52.64340714848777
13161,418.0,469.0845588512216,-51.08455885122157
14382,714.0,656.3136004085856,57.68639959141444
