Tag,actual_y,estimated_y,error_of_y(actual_y-estimated_y),std_of_estimated_y
10561,419.0,433.21293700968545,-14.212937009685447,34.11896087366127
18142,479.0,468.06465553397953,10.935344466020467,28.50015718436322
147,483.0,488.5084991361396,-5.508499136139619,33.35666347458988
2640,329.0,338.86098464367444,-9.860984643674442,33.17240516389637
11097,469.0,480.55975163114084,-11.559751631140841,33.42295676047487
18589,605.0,594.7180326348108,10.281967365189189,33.98639010832274
1571,523.0,526.1486114755091,-3.148611475509142,32.3201093100373
16688,587.0,588.4070239150092,-1.4070239150091766,34.41683959988689
19215,436.0,445.13115589596356,-9.131155895963559,33.41338528411012
1220,576.0,564.457200747759,11.542799252241025,33.72744679350861
7539,525.0,525.0625011910868,-0.062501191086767,34.34921033090491
4560,567.0,568.7165341212519,-1.7165341212519252,30.29888929177664
2690,452.0,450.89726921514597,1.1027307848540318,32.92719692027213
8056,457.0,460.85998747700694,-3.859987477006939,33.70326372133684
2858,405.0058726,439.1847954954207,-34.178922895420726,27.58774207242835
10223,532.0,530.6946329334743,1.3053670665257187,32.74442075290453
7796,536.0,530.3023693090825,5.697630690917549,31.97093316190318
14708,454.0,467.21584156315754,-13.21584156315754,29.68628666563926
3363,398.0,410.4193632958867,-12.419363295886683,34.18809375192029
12111,538.0,539.6693187243959,-1.6693187243959073,32.943431775641784
3854,411.0,415.39225638610935,-4.392256386109352,33.20816032052692
19371,469.0,458.4218067246936,10.578193275306376,32.97055520423617
9732,440.0,442.42509203379086,-2.425092033790861,34.10876419502546
2251,536.0,548.232842154966,-12.232842154965965,33.35415666103134
5730,748.0,737.7482149519274,10.251785048072634,34.6556324769557
4094,475.0,477.6269833153041,-2.6269833153040736,32.665495022633806
19752,554.0,558.5430669259994,-4.543066925999369,30.09178744296843
11750,527.0,517.9924196432089,9.007580356791095,32.66028893714727
12437,498.0,492.2184570201691,5.781542979830874,28.58482050098184
11419,359.0,373.58896167103154,-14.58896167103154,29.042110935100293
3971,437.0,447.31348118529553,-10.31348118529553,29.9758115450611
8484,470.0,476.1827540823101,-6.182754082310112,34.13726374995056
17634,418.0,415.4999518196813,2.500048180318686,32.92736467332129
6924,417.0,414.92351088986646,2.0764891101335365,33.50063054088342
13958,493.0,488.8054103579841,4.194589642015899,33.587318281509404
14142,467.2897196,483.13736609270717,-15.847646492707156,33.47094130924056
588,566.0,561.4822885978858,4.517711402114173,34.177577830244005
1170,390.0,398.1501558581355,-8.15015585813552,32.80577612322624
4396,415.0,394.7585384822548,20.241461517745222,26.83598285340806
18373,445.0,453.07133172892134,-8.071331728921336,33.19906286609216
3146,626.0,619.7149125020586,6.28508749794139,32.858703347940065
17510,464.0,462.9512600173031,1.0487399826968726,33.18420715799472
9088,705.0,698.5454002941091,6.454599705890928,30.167602295395678
3264,658.0,627.3964435012392,30.60355649876078,32.77823725637139
13851,622.0,616.1622437264961,5.837756273503942,33.669453987758956
3644,426.0,434.50177370581406,-8.50177370581406,32.51679901216634
10264,538.0,538.6233599787279,-0.6233599787278763,29.677329148806717
13628,487.0,498.9878642309693,-11.987864230969308,30.084875994037688
19036,590.0,596.155267041536,-6.155267041536035,33.64915241933348
4453,564.0,555.6930609070549,8.306939092945072,33.594514443960584
20159,765.0,750.6742805391893,14.32571946081066,34.33778492644963
12222,485.0,479.25857169567615,5.741428304323847,29.990245727070686
1482,468.0,498.4597954279937,-30.459795427993697,29.549382999682415
7341,423.0,422.9539968543951,0.0460031456049137,33.151835061424116
2615,374.0,379.0767737411386,-5.076773741138595,33.485196768458465
16630,883.0,849.2101998816885,33.78980011831152,34.23886848035005
19259,496.0,496.89094799485,-0.8909479948500234,30.049138902780115
2435,663.0,663.464241709878,-0.46424170987802427,32.65379855236438
3421,614.0,607.5227565351153,6.477243464884737,28.41052461554448
3659,518.0,519.8220883418651,-1.8220883418650828,28.04378188316389
18609,511.0,516.1632935512902,-5.163293551290167,34.55660618057369
11838,469.0,471.7204488832747,-2.7204488832746847,33.75267385882998
2203,518.134715,533.0554286461972,-14.920713646197214,28.47071738085591
8707,452.0,449.72262926943955,2.277370730560449,33.75283991957804
9568,393.0,385.6415365981421,7.358463401857875,32.147520226059086
9990,438.0,441.2977397263471,-3.2977397263471175,33.675901192121806
112,472.0,470.46629868402874,1.533701315971257,34.12019062398459
4305,469.9916452,467.21057873558743,2.781066464412561,33.59512704325884
17472,428.0,432.96271971706153,-4.962719717061532,33.36203853951772
2920,443.0071324,428.3464305338459,14.660701866154113,27.649744930860308
15287,466.0,507.8977305155556,-41.89773051555562,29.99718626339858
12552,450.0,453.8871703000079,-3.887170300007881,32.99832006732728
5641,422.0,423.95253592546374,-1.9525359254637351,28.50842875914161
15326,418.0,426.1875637284446,-8.187563728444616,32.65055577428043
3218,613.0,612.8168601672558,0.18313983274424572,33.845636974212404
13506,473.0,480.3387645311555,-7.338764531155505,34.090199598825386
13492,462.0,468.37057913472006,-6.37057913472006,33.76693198415112
649,649.0,644.3528612037186,4.647138796281411,34.75524662209853
18864,580.0,579.2748791222151,0.7251208777848888,34.68417987417815
19264,440.0,458.53739734168676,-18.537397341686756,33.127216802409336
14499,449.0,453.94696557024076,-4.9469655702407636,33.6277097356061
13738,454.0,460.1221817062772,-6.1221817062772175,32.74191213706059
13444,396.0,404.48971220132506,-8.489712201325062,33.08729146196862
1285,617.0,616.5949674811649,0.40503251883512803,33.9367584168852
8203,402.0,417.38087133326337,-15.380871333263372,29.886845876039473
17983,451.0,454.2683351352923,-3.2683351352923182,33.96712180167853
15054,521.0,516.8269979151336,4.173002084866425,34.05052349769709
15143,502.0,533.0497091569083,-31.049709156908307,32.10781656894328
4471,339.9048266,341.52154746263176,-1.6167208626317802,32.86377003487435
13791,534.0,531.8719481517554,2.1280518482445814,32.62039447293697
12542,483.0,490.9554090318455,-7.955409031845477,33.73225796723856
12919,668.0,656.9098362577329,11.090163742267123,33.84494426390017
13825,328.0,333.8861204809178,-5.886120480917782,32.778384930194306
3871,505.0,503.3812979877672,1.6187020122328022,33.79933524945453
11002,518.0,479.6709711985177,38.32902880148231,33.0459231065413
9173,561.0,571.0911263058078,-10.091126305807848,33.799062156868025
12200,600.0,579.2473623003173,20.752637699682737,30.169459627030314
8699,473.0,467.1442300033237,5.855769996676315,29.908480848434714
13813,304.0,318.1725917214289,-14.172591721428887,33.593356100580856
6828,416.0,416.2375059355752,-0.23750593557520006,33.493684092025674
4051,615.0,608.0663846141961,6.933615385803932,32.72455054404753
12787,486.0,489.53525084450547,-3.5352508445054696,32.90444968925078
19237,428.0,442.41892112710286,-14.418921127102863,34.215861040193666
11820,576.3688761,568.3320330862596,8.036843013740395,28.588456769197464
780,629.0,631.8088702668068,-2.808870266806821,30.29038431904382
16036,490.0,481.52410864212595,8.475891357874048,33.07539054551834
4797,530.5039788,518.2858625526333,12.218116247366765,29.968192106673087
3057,478.0,474.5014738492973,3.4985261507026735,31.930826579935317
802,448.0,462.2632352471071,-14.263235247107104,29.876159031144965
5154,480.0,477.5858943833547,2.4141056166453154,30.219786526810154
16888,526.0,540.4482737376752,-14.448273737675208,31.88257436616797
1052,442.99,430.71733525113916,12.272664748860848,33.023226591306695
5552,435.0,445.19430651823313,-10.194306518233134,33.09483145885486
4090,558.0,547.7027866730167,10.297213326983297,33.71161401363002
2151,453.0,447.08760706525095,5.91239293474905,32.37080191106499
14096,511.0,517.4255713076737,-6.425571307673749,29.627041335354544
12808,655.0,654.0153001348882,0.9846998651117929,34.79926465739741
12662,422.0,419.25886231368116,2.7411376863188366,29.452702958536698
4288,536.0,531.6000180732202,4.3999819267797875,33.75035040567111
6531,533.0,539.434226793662,-6.434226793661992,34.72234788553498
1511,519.0,540.3681015177916,-21.368101517791615,29.862152012068897
8702,461.0,459.00619420505814,1.9938057949418635,33.281693559443596
924,376.0,378.8263104415445,-2.8263104415444786,35.01972550618852
4154,611.0,601.3651561848966,9.634843815103409,29.983761635432185
2190,487.0920604,498.3973601057678,-11.305299705767823,32.48959546841345
5814,512.4998719,496.20408543395024,16.295786466049776,28.344626102111935
14982,659.0,623.6336508707177,35.3663491292823,29.86419093583222
5420,382.0,390.7882757301484,-8.788275730148428,32.90681677029294
19452,475.0,469.1766936058883,5.8233063941116825,33.21323251313463
11429,446.0,466.7922839355917,-20.792283935591684,29.492483386157943
12592,661.0,651.269487356858,9.730512643141992,30.28810416286128
2645,409.0,416.8203207611941,-7.820320761194125,33.895629816961446
4353,497.0,501.76467640577465,-4.764676405774651,33.4068129414401
9460,629.0,621.9775456194421,7.0224543805578605,32.923421955135154
5726,680.0,683.2625082218135,-3.262508221813505,30.198416770143876
5837,458.9998394,456.9385907929897,2.0612486070102705,29.86442586680785
19384,420.0,426.43926344203413,-6.439263442034132,33.03991012907007
4810,423.0,428.82012285105577,-5.820122851055771,33.84034717346143
6746,495.0,492.25139203658756,2.7486079634124394,33.82111697414001
6818,407.0,419.0203018047058,-12.02030180470581,30.825623052014464
6966,448.0,449.0092275278778,-1.0092275278777834,33.58260726314395
13166,411.0,424.9986160159745,-13.998616015974505,33.350493693960225
2702,338.0,362.2609068441537,-24.26090684415368,33.43276733077865
4018,444.0,456.64637029456077,-12.646370294560768,33.151961927733346
12275,544.0,546.2007946469589,-2.2007946469589115,33.33213906383545
18151,481.0,478.5984110348693,2.4015889651307134,29.932205026010543
5722,687.0,688.5545090900957,-1.5545090900957348,34.46971057801822
7661,374.0,398.1962052386118,-24.19620523861181,33.62716560637903
4013,735.0,708.9387010231202,26.06129897687981,33.78335615501417
18098,440.0,446.0642653984537,-6.064265398453699,30.08815644863112
3357,396.0,411.85878581290615,-15.858785812906149,33.297937057062875
1256,562.0,553.1892967034269,8.810703296573138,33.40402931078323
16937,515.0,531.4398151291675,-16.439815129167528,31.727942388311696
12329,417.0,422.0634858920153,-5.063485892015308,32.92026766560863
4021,445.0,457.792457453231,-12.792457453231009,33.471551636702415
4915,362.0,374.71793096936096,-12.717930969360964,34.04861015914919
8629,401.0,409.25542928090715,-8.255429280907151,33.979242949602224
4071,463.0,474.5616836452818,-11.56168364528179,30.064161982877014
7802,558.0,543.5328524228499,14.467147577150058,33.70053660736416
13722,462.0,470.5389441330512,-8.538944133051189,30.205731508148574
8425,435.5,448.8908086455452,-13.390808645545178,33.513320074021586
19636,511.0,517.0337967532962,-6.033796753296201,34.67202380895668
11808,578.0346821,568.3320330862596,9.702649013740483,28.588456769197464
12847,603.0,594.4722955288239,8.527704471176094,33.64351553972463
14010,408.0,440.2297993634408,-32.229799363440804,29.9683611438262
12102,536.0,535.0793987831776,0.9206012168224333,33.05968087519741
6171,648.0,647.9896631793332,0.010336820666793756,28.388343011549242
1485,524.0,498.4597954279937,25.540204572006303,29.549382999682415
2408,387.0,399.17872357880657,-12.178723578806569,33.025733446693565
10519,527.0,537.5084808489304,-10.50848084893039,31.6605865755568
4116,494.0,495.92441593362986,-1.9244159336298594,33.10340557276049
11763,430.0,438.92976595955736,-8.929765959557358,27.63404245633289
13792,552.0,550.4426054039948,1.5573945960052242,33.22301808854503
20081,412.0,425.2267871349542,-13.22678713495418,34.00955151858092
17083,415.0,421.9259606832348,-6.925960683234791,33.64237513265466
5052,376.0,391.2551306489207,-15.255130648920726,28.475857590197787
4083,567.0,562.6279834162956,4.372016583704408,34.22007702356297
3482,433.0,445.7867483672971,-12.786748367297093,33.156198280094316
18100,446.0,446.0642653984537,-0.06426539845369916,30.08815644863112
18597,498.0,509.0961892788567,-11.096189278856684,34.1473865365022
16141,487.5,486.1229524692448,1.377047530755192,33.48719592285917
5277,474.8338082,468.55867548534434,6.275132714655683,32.71320472325275
1081,480.0,458.59759460042324,21.402405399576764,29.96178178872503
9097,697.0,690.7401924948633,6.259807505136678,34.146235646718516
18125,485.0,481.6674148625285,3.332585137471483,33.55759722482471
8089,365.0,361.50750495775094,3.492495042249061,31.358015191107185
12558,569.0,567.6652507407246,1.3347492592754406,34.710423477149014
12973,445.0,446.2886151856264,-1.2886151856263837,33.891570705801854
19918,514.0,513.1970270338004,0.8029729661996043,34.41649964434072
17894,583.0,575.1856809852837,7.814319014716261,33.75543537984138
4156,615.0,601.3651561848966,13.634843815103409,29.983761635432185
428,471.0,464.962363204,6.037636796000015,32.999697847279826
851,418.0,422.89113466666817,-4.891134666668165,29.2834901575435
17949,606.0,603.3473976989991,2.652602301000911,31.844281571230542
6080,420.0,423.5894398498275,-3.5894398498274995,29.78004498168663
18514,539.0,515.6995120433128,23.30048795668722,33.361440845138475
13079,515.0,519.0538693888407,-4.053869388840667,34.47248054766998
14629,377.0,391.8415783135798,-14.841578313579816,34.69859583143589
5189,512.0,514.8140066214432,-2.814006621443241,32.24623929630822
11392,532.0,534.6730603899707,-2.673060389970715,34.12509284586017
13433,473.0,485.8710943707724,-12.871094370772425,32.99036835605903
6545,520.8067941,526.1589766855452,-5.352182585545165,34.296166595348744
7225,495.0,490.7232994473456,4.276700552654404,33.29091503908852
15637,513.0,510.13960732403353,2.860392675966466,34.88027711251187
15117,550.0,543.1785398233449,6.821460176655137,33.55429216003107
13300,419.0,419.8845007378921,-0.8845007378920968,33.78730259526594
13118,498.0,489.81954107052684,8.180458929473161,33.86242641709195
16598,628.0,607.336213114117,20.66378688588304,33.38926515487719
9123,415.5067104,388.3913949874195,27.115315412580458,28.359212030162798
19359,511.0,497.35717387440354,13.642826125596457,32.86534288990526
12863,461.0,479.1435147553024,-18.14351475530242,30.431735923806336
7737,415.0,421.3103657072101,-6.31036570721011,33.42524920131305
6443,495.0,499.56964932627,-4.569649326269996,33.44985385031613
5022,417.0,420.25460574133655,-3.2546057413365475,34.96294413276661
3525,498.0,497.78035397864795,0.21964602135204814,33.007713956974975
18154,478.0,478.5984110348693,-0.5984110348692866,29.932205026010543
4127,577.0,526.6915834117677,50.30841658823226,30.151084535467458
9160,402.4954719,412.02348776641645,-9.528015866416467,32.97382127351937
13235,406.0,435.5028171755436,-29.502817175543612,32.8636773647432
14028,408.0,411.36752905930496,-3.3675290593049567,32.22267066859926
17575,485.0,512.5594098879807,-27.559409887980678,32.41830884249422
7460,664.0,672.3698965709291,-8.369896570929086,33.7157594199415
14487,573.0,569.0585307972275,3.9414692027725096,34.52959497022177
8364,602.0,593.8246873540811,8.175312645918893,34.21366530438525
10251,516.5,507.81961606188327,8.680383938116734,31.816388499906584
17804,634.0,620.7773608436472,13.222639156352784,29.532234320146536
8252,405.0,424.01961932264874,-19.019619322648737,33.53956704365452
16578,655.0,647.2189884229948,7.781011577005188,33.9515985350657
12669,417.0,418.70585613710705,-1.7058561371070482,31.86691641763483
4989,585.0,586.0290886319827,-1.029088631982745,33.758966216105485
2174,570.1254276,559.1642519435445,10.961175656455453,33.57354730723587
19463,600.0,594.3184122322785,5.681587767721453,34.51284785833976
6238,376.0,384.6916405892768,-8.691640589276801,32.96514144691982
1080,552.0,553.5114320597002,-1.5114320597001552,33.94468532452457
5871,451.0,453.1178383175902,-2.1178383175902127,34.272554063330205
15290,560.0,507.8977305155556,52.10226948444438,29.99718626339858
1101,578.0,578.9470855121012,-0.9470855121012391,33.630362335272004
19568,594.0,593.6885213973529,0.31147860264707106,34.012857075119534
12441,541.0,492.2184570201691,48.781542979830874,28.58482050098184
1089,425.0,458.59759460042324,-33.597594600423236,29.96178178872503
3516,415.0,415.379501708913,-0.37950170891298285,33.81422571311919
558,397.0,410.10236664843757,-13.102366648437567,33.86282094998473
6400,536.0,535.6045882205935,0.39541177940645866,34.28862009239236
15428,570.0,563.6081578111105,6.391842188889541,33.40981326712669
4490,488.997555,460.72559293329806,28.271962066701917,32.26197785412475
6454,590.0,583.2601679610034,6.73983203899661,33.72483847982513
7511,385.000385,402.7073351680484,-17.706950168048422,32.80664300137059
7716,405.0,405.7618044543298,-0.7618044543298197,33.23378855442899
4612,433.0,426.03531474483736,6.964685255162635,29.848547877380202
11532,528.0,529.6841061198861,-1.6841061198861098,34.385598443997814
7305,465.0,464.2706676065956,0.7293323934043769,32.979415420569836
13124,313.0,332.38435008964143,-19.38435008964143,33.66041775104046
9603,494.0,504.85755187974536,-10.857551879745358,33.110879490313124
7913,437.0,444.10027102022167,-7.100271020221669,33.11874847286167
1949,518.0,512.357711417979,5.642288582021024,33.1374693287171
6154,491.0,556.8814529463325,-65.8814529463325,30.12224618900442
18834,545.0,529.6207733989805,15.379226601019468,33.58133570513566
15929,475.0,480.3803949738444,-5.380394973844375,33.69311523072862
11887,570.0,567.479450214601,2.520549785398998,33.644490214700085
6521,547.0,553.5589072953991,-6.558907295399081,33.26806567407905
15330,436.0,431.50595750327614,4.494042496723864,33.09218786709151
2074,377.0,382.0420053043392,-5.042005304339227,33.38751426057177
15626,414.0,403.7479816567915,10.252018343208476,30.188295062091075
16562,697.0,690.8563960885797,6.143603911420314,33.80361275767146
5597,460.0,460.6413339849122,-0.641333984912194,34.94914798458883
16850,557.0,543.7865117863596,13.213488213640403,32.56620717223457
13567,374.0,383.4581421411393,-9.45814214113932,33.293980681341814
8176,390.0,399.2279034876562,-9.227903487656192,32.68567974971155
17149,408.0,415.2887712622405,-7.288771262240516,34.05050496682104
969,415.0,417.0154733294372,-2.0154733294372136,32.95874888893869
1155,443.0,441.35359680854356,1.646403191456443,29.934194359178807
4397,410.0,394.7585384822548,15.241461517745222,26.83598285340806
13141,436.0,436.22232394764535,-0.22232394764535002,33.44666057869916
9961,544.0,546.323511741798,-2.323511741798029,34.52033718215923
16162,460.0,454.335080889208,5.664919110792027,31.66040840884145
1311,471.0,471.4080534894839,-0.40805348948390474,33.0310764414987
3425,643.0,607.5227565351153,35.47724346488474,28.41052461554448
7318,538.0,534.0689867678642,3.931013232135797,34.019245485256924
7247,561.0,552.5514715807342,8.448528419265813,33.37571010258487
10112,589.0,574.2856367599985,14.71436324000149,33.44885518698144
8067,385.0,386.8533072141888,-1.853307214188817,32.55666250607205
13550,383.0,376.81996701479676,6.1800329852032405,29.786189854021405
19058,533.0,527.847154850216,5.152845149783957,33.25809384320898
13384,443.0,446.76853649069267,-3.768536490692668,33.48086335334596
18958,486.0,488.3077940146802,-2.307794014680212,33.60047216419489
7962,662.0,669.9691927691445,-7.969192769144456,34.15683306766584
12956,640.0,633.9300308128381,6.06996918716186,34.950398941128086
12155,521.0,532.5635127367701,-11.563512736770122,29.755142704473556
16164,441.754386,440.79993213944226,0.9544538605577486,29.318591548655398
15052,502.0,494.79752089483594,7.202479105164059,33.23023418286826
3439,587.0,583.7123016801528,3.287698319847209,34.31637306401856
17255,412.0,416.2015476516781,-4.201547651678084,33.34931411708084
7901,483.0,475.51300473653157,7.48699526346843,33.48083166681904
4617,420.0,426.03531474483736,-6.035314744837365,29.848547877380202
9773,590.0,596.8875040660931,-6.887504066093129,29.629717946353683
11925,439.0,438.0325266842487,0.967473315751306,33.12763053099948
17652,485.0,482.7594732404705,2.240526759529473,32.56702052050836
7706,402.0,412.94763522133184,-10.947635221331836,33.60954345708126
15149,605.0,574.1800678290621,30.819932170937932,32.10649468480185
11413,378.0,373.58896167103154,4.411038328968459,29.042110935100293
9720,363.0,378.2519777288494,-15.251977728849397,29.999687003974014
15006,577.0,583.439961458391,-6.439961458391053,33.92586548340592
20129,645.0,611.560352487686,33.43964751231397,33.69647156135369
15484,518.0,520.6355597146503,-2.6355597146502987,34.90154640747864
370,610.0,602.0557233805079,7.944276619492143,33.56004238652553
19858,508.0,507.77406715862065,0.22593284137934688,32.98368859146353
13990,424.0,428.2323161056315,-4.232316105631526,34.5557723346114
5827,483.5005439,496.20408543395024,-12.703541533950215,28.344626102111935
14429,446.0,450.24975285694194,-4.249752856941939,33.81923033284817
12621,436.0,436.3749331437778,-0.3749331437778096,29.894075451200635
1342,372.0,389.90490170759364,-17.904901707593638,30.047458764817286
4177,619.0,618.7186404413302,0.28135955866980566,33.16468529528796
7985,717.0,716.7500276136548,0.24997238634523455,33.80907228688668
5589,458.0,456.57584571473336,1.4241542852666385,34.11102663467352
13828,547.0,546.7994162866727,0.20058371332731895,33.310701718611455
18992,757.0,742.8787859173203,14.121214082679671,34.35821011834523
5195,539.0,532.5635127367701,6.436487263229878,29.755142704473556
17947,603.0,604.3267460367076,-1.3267460367076183,30.199843205390604
9436,581.0,577.2661979594034,3.733802040596629,29.721965247192486
17460,705.0,692.601286090686,12.398713909313983,33.57343639204759
12435,442.0,492.2184570201691,-50.218457020169126,28.58482050098184
17326,568.0,569.5151292105572,-1.5151292105572338,34.52145497981099
163,461.0,465.19056212921186,-4.190562129211855,34.20823429818006
11378,653.0,635.6185404684051,17.381459531594942,34.21784863396999
11227,373.0,386.3674513154328,-13.367451315432788,33.60940740848966
19381,504.0,508.66192745925866,-4.6619274592586635,33.82924724759063
809,476.0,462.2632352471071,13.736764752892896,29.876159031144965
10803,570.0,550.2025318831188,19.79746811688119,33.14952419527263
17124,459.0,455.95877111884965,3.041228881150346,34.13120457145832
12862,495.0,479.1435147553024,15.85648524469758,30.431735923806336
17451,635.0,632.3287424530054,2.6712575469946387,33.386504626386326
13057,380.0,390.0168947830871,-10.016894783087082,33.2011681055848
2392,390.0,393.1275425198056,-3.1275425198056155,33.239315742765974
19152,726.0,723.0805585414988,2.9194414585011828,34.031073446362306
7611,511.0,509.7026040292864,1.2973959707135805,33.729444185200876
7257,354.0,370.6663436543048,-16.666343654304796,29.92732143210286
9550,503.0,502.71748970951205,0.2825102904879486,32.617045251689916
3446,393.0,477.2627274247132,-84.2627274247132,28.46008542093782
8240,537.0,548.7619468640712,-11.761946864071206,28.51744365555529
823,431.0,428.9191125918214,2.0808874081786257,31.767558592441464
17435,634.0,619.668320089953,14.331679910047,32.89650409962763
19679,393.0,398.4254837956107,-5.425483795610717,32.69162822467343
9205,741.0,724.4510280270163,16.548971972983736,33.84071959147186
7805,490.0,495.9389693148892,-5.938969314889221,31.940871347403423
18377,437.0,436.6556388673083,0.344361132691688,29.761660949596802
12795,514.0,492.60188943015453,21.39811056984547,30.99037245566437
6915,478.0,460.3009384602107,17.699061539789284,30.174261637080097
19714,584.0,577.1276621084744,6.8723378915256035,31.259139424124175
16595,676.0,673.7592175499025,2.2407824500975266,34.55636408426227
6331,469.0,473.8053544715906,-4.80535447159059,33.83327770519488
19927,541.0,541.5521164813641,-0.5521164813641235,34.621025218200344
11006,421.0,429.8922065241231,-8.892206524123083,30.04265781923941
4167,472.0,475.7301443982827,-3.7301443982826754,33.0383762222979
5319,559.9104143,552.6572831156165,7.253131184383506,33.828845456557154
9833,532.0,515.1722843000393,16.827715699960663,29.815737896260508
17829,684.0,683.3902850740609,0.6097149259391017,32.94152211177429
12869,462.0,469.2358065737421,-7.235806573742082,34.368039259158024
10865,496.0,528.9658205380599,-32.965820538059916,32.39223588587145
13793,530.0,532.7695820028489,-2.7695820028488924,33.10699126887272
9435,573.0,577.2661979594034,-4.266197959403371,29.721965247192486
5395,451.0,455.39278840309703,-4.392788403097029,33.20235695899084
5133,534.0,531.4843760079286,2.5156239920713688,29.85220091496324
10661,654.0,652.7788208020338,1.221179197966194,30.32011815141261
15426,499.0,501.9619439371647,-2.9619439371646763,33.29949824491003
17462,738.0,724.4503550394486,13.549644960551404,33.25266622709927
4399,424.0,394.7585384822548,29.241461517745222,26.83598285340806
7623,469.0,470.1989226681658,-1.1989226681657783,33.26776968009848
7709,390.0,395.3751299462625,-5.375129946262518,33.28250917054676
6247,471.0,479.0885861183702,-8.088586118370188,33.818467761091696
6090,431.0,423.5894398498275,7.4105601501725005,29.78004498168663
1974,507.0,506.2952702176547,0.7047297823452823,33.703670821986776
8797,604.0,584.8322559443285,19.167744055671506,29.697651551499668
19261,497.0,496.89094799485,0.1090520051499766,30.049138902780115
9910,461.0,463.80488610842644,-2.8048861084264445,34.869032958262174
5262,524.6589717,522.7359818139169,1.9229898860832009,32.79538101991661
3064,487.0,468.62360093432284,18.376399065677163,29.52874912347803
15053,505.0,500.5129097010885,4.4870902989114825,33.36169730578857
15592,661.0,626.2757488893687,34.72425111063126,33.1275409641752
5644,424.0,423.95253592546374,0.04746407453626489,28.50842875914161
1802,586.0,583.4671669298555,2.532833070144534,33.63981927393413
11036,456.0,460.5497638019791,-4.549763801979111,32.601193437511164
4929,480.0,468.31928563449554,11.680714365504457,33.90129589389136
3899,531.0,535.0844219767022,-4.084421976702174,33.73864764687815
11105,420.0,427.769121845393,-7.769121845392988,33.35828553782557
769,614.0,603.5131098316363,10.486890168363743,34.220777355695255
17874,518.0,498.8169462950015,19.183053704998486,32.81753927950417
19671,472.0,469.79387159044893,2.20612840955107,33.771523951691464
15457,462.0,460.262786377309,1.7372136226910015,29.303282441757148
11433,482.0,466.7922839355917,15.207716064408316,29.492483386157943
7458,679.0,677.5108110844149,1.4891889155851459,33.39697876661513
12814,397.0,402.31724615768303,-5.31724615768303,33.88830818607417
13260,621.0,628.3925135382569,-7.392513538256935,33.29624338718213
5818,529.8546609,496.20408543395024,33.65057546604976,28.344626102111935
12810,397.0,396.5925356006852,0.40746439931479017,33.77327077862158
3098,362.0040544,402.676171627228,-40.672117227228,28.08777806134563
19118,492.0,497.3611172172043,-5.36111721720431,33.74675284540439
6699,502.0,491.74358933201665,10.256410667983346,30.01951634647205
14240,424.0,433.70937158072843,-9.70937158072843,33.489703432005705
10238,548.0,546.7113269725556,1.2886730274443607,32.49837126538027
12208,532.0,580.1110833905808,-48.1110833905808,28.832643984312018
8048,471.0,461.04374001666264,9.956259983337361,33.250225056471635
12315,404.0,422.1530403059743,-18.153040305974287,29.781285119207134
14188,456.4,459.47523213349314,-3.0752321334931594,33.566796982344584
12658,504.0,490.28983047751143,13.71016952248857,33.36275027461567
13394,446.0,453.2013289577384,-7.201328957738383,33.54039354815666
4393,383.0,394.7585384822548,-11.758538482254778,26.83598285340806
1070,385.0,384.3370191619214,0.6629808380786244,32.788916921321174
13924,534.0,526.055348011089,7.944651988911005,34.22719627044331
5514,433.0769231,435.10412995976276,-2.027206859762771,34.20512338987155
1576,560.0,538.7976715791157,21.202328420884328,29.784058282217902
1035,405.14,415.72521206339496,-10.585212063394977,32.94847030294353
3522,513.0,511.70888998611616,1.2911100138838378,33.15563684014449
13861,611.0,596.4063249338245,14.593675066175479,33.024257592240744
2207,567.8591709,533.0554286461972,34.80374225380274,28.47071738085591
8981,427.0,434.7002259588504,-7.70022595885041,33.366617282703935
3091,408.997955,402.676171627228,6.321783372772018,28.08777806134563
11010,421.0,429.8922065241231,-8.892206524123083,30.04265781923941
18953,697.0,688.2315797789838,8.768420221016186,34.612928938758
17324,483.0,486.49774989651416,-3.497749896514165,34.02099359055001
4932,320.0,339.4915622049639,-19.491562204963884,33.487797781287526
6488,597.0,610.7766154987683,-13.776615498768251,28.565515742267618
18576,510.0,501.0988407807818,8.901159219218187,33.1885149807689
9527,532.0,523.9018666232088,8.098133376791225,32.57679220216834
3657,493.0,509.38563868084185,-16.38563868084185,29.971356674235295
9371,548.0524345,537.0080458056796,11.044388694320446,34.46262135587233
9120,382.49694,388.3913949874195,-5.894454987419522,28.359212030162798
6857,550.5043587,543.7925796606338,6.711779039366206,33.46818848131734
14019,466.0,440.2297993634408,25.770200636559196,29.9683611438262
19864,493.0,507.79082402957687,-14.790824029576868,32.399550722150586
3830,529.0,525.7222894216839,3.277710578316146,34.05828745368644
13982,520.0,520.0351791729115,-0.03517917291151207,33.78443750604855
18863,580.0,579.9197818365536,0.080218163446375,34.38731452723997
9719,373.0,378.2519777288494,-5.251977728849397,29.999687003974014
17311,467.1111111,481.2217567007669,-14.110645600766873,34.0529650118914
10524,637.0,614.2843315793081,22.71566842069194,32.398823618037746
13549,376.0,376.81996701479676,-0.8199670147967595,29.786189854021405
18121,444.0,453.8214597326929,-9.821459732692915,29.848924974631462
1584,418.0,424.74045201113665,-6.740452011136654,33.64698921025844
14537,572.0,567.9047124295038,4.095287570496225,34.221695097378365
2662,404.0,411.3604725496323,-7.360472549632277,33.608659996458144
2580,368.0,381.31527118826097,-13.315271188260965,30.225720765104096
19244,621.0,621.701418981876,-0.7014189818760315,34.8348547385202
4077,577.0,572.7671118300512,4.232888169948751,34.14362948570963
7245,538.0,546.9064315818716,-8.90643158187163,33.28294607257493
4060,632.0,621.62420546911,10.375794530889948,33.06738724649507
2519,523.0,518.7620495514474,4.237950448552624,34.40420266506168
1282,615.0,611.3282643823782,3.6717356176218345,33.82971882529563
18405,412.0,421.1026027353831,-9.102602735383073,32.917712683150754
7406,454.0,470.9232280140786,-16.923228014078575,33.04891903593528
13638,503.0,498.9878642309693,4.012135769030692,30.084875994037688
19673,430.0,430.01811208469735,-0.01811208469734993,32.63348823488789
2782,580.0,563.3656068184782,16.634393181521773,34.13962098046901
3192,720.0,717.6816658275045,2.318334172495497,33.678442149723324
19734,478.0,469.29096332637926,8.709036673620744,33.4114282328679
7044,452.0,471.8453524654088,-19.84535246540878,33.305758865231766
19100,707.0,680.8638247968395,26.13617520316052,33.82271602961577
20098,454.0,452.9536788192957,1.0463211807042967,33.21887319864224
11895,403.0,398.60491644781087,4.395083552189135,33.68484715325222
13321,550.0,540.0691176990579,9.93088230094213,34.39541452307281
14102,521.0,520.2473332082454,0.7526667917545637,29.60290944940397
19399,543.0,543.8019400649724,-0.8019400649724275,34.45934453783695
9642,422.0,426.2071249036622,-4.207124903662191,33.87057029166859
19211,376.0,377.0234733292038,-1.0234733292037959,33.405486350152835
429,475.0,472.89509623766037,2.1049037623396316,33.524289159442525
2847,492.9994084,439.1847954954207,53.81461290457929,27.58774207242835
18767,603.0,551.3715621937039,51.62843780629612,32.30361601454651
2438,663.0,662.358539635952,0.6414603640480436,33.07053098064778
3509,403.0,415.0744474022863,-12.074447402286296,33.82212498609763
12369,441.0,440.1092450951521,0.8907549048478813,34.49381193591505
434,549.0,522.2765243310356,26.723475668964397,32.637266817672824
7474,670.0,669.6703527994874,0.3296472005125679,34.503677368180355
1573,548.0,538.7976715791157,9.202328420884328,29.784058282217902
13021,395.0,397.7206807871386,-2.7206807871385763,32.3085590937256
12700,418.0,424.8150860805953,-6.815086080595279,28.477855257416632
489,655.0,648.3909272422461,6.609072757753893,34.72422819245193
13474,405.0,414.4913537216097,-9.491353721609698,34.302467939088174
13445,401.0,424.9344943275678,-23.93449432756779,33.207116703770396
4677,397.0,404.916170508461,-7.9161705084609935,32.87693387315689
17539,557.0,534.9303812859487,22.06961871405133,29.988220673143296
1601,461.0,468.439523883524,-7.439523883523975,34.24926244444914
4725,504.0,492.74493125496946,11.255068745030542,33.27221996707047
11764,443.0,438.92976595955736,4.070234040442642,27.63404245633289
6811,416.0,424.06723100249195,-8.067231002491951,33.40322900642433
4628,506.0,507.9814815998879,-1.9814815998878998,33.919950385556845
3548,500.0,503.89074803703693,-3.8907480370369285,31.840006706549914
12622,431.0,436.3749331437778,-5.37493314377781,29.894075451200635
4157,555.0,566.8151879172938,-11.81518791729377,30.074470740413357
4760,541.6,543.4153307305269,-1.8153307305268527,34.77403705069546
1613,410.0,420.3687074223927,-10.368707422392674,34.46861126857205
2991,394.0,404.3469464928314,-10.346946492831421,33.05761436827724
17328,580.0,580.6893251061392,-0.689325106139222,33.82239441060783
14711,484.0,467.21584156315754,16.78415843684246,29.68628666563926
14833,469.0,481.985943579839,-12.985943579838988,33.74051962252509
15097,577.0,555.4665725031915,21.533427496808486,33.34645761168864
11141,358.0,365.47368819432995,-7.473688194329952,30.05597556438005
3450,503.0,477.2627274247132,25.737272575286795,28.46008542093782
19965,635.0,637.770020057184,-2.770020057183956,34.37457262613034
11947,566.0,542.0707503474298,23.929249652570206,33.06723307383286
1292,388.0,397.0321846864266,-9.032184686426604,33.92488195802033
17705,524.0,527.291245857979,-3.2912458579789927,33.82168668081207
9765,540.0,542.4780198731299,-2.478019873129938,33.16345961547076
12590,647.0,651.269487356858,-4.269487356858008,30.28810416286128
11779,507.0,520.2961445863673,-13.29614458636729,28.4770521665224
18875,521.0,518.467605321818,2.5323946781819586,33.80778735156913
1156,436.0,441.35359680854356,-5.353596808543557,29.934194359178807
11780,526.0,520.2961445863673,5.703855413632709,28.4770521665224
9188,638.0,636.9880673622133,1.0119326377866855,30.160081581222354
1467,495.0,501.38391571158826,-6.3839157115882585,33.38088962101596
16187,433.0,443.33755793218046,-10.33755793218046,33.313934848571
1908,458.0,450.24328171681293,7.75671828318707,33.291592065602806
15920,477.0,479.51381734031975,-2.513817340319747,31.569049694377068
5079,352.0,354.0567482275944,-2.0567482275944258,32.52308538141719
3380,400.0,405.35566748461497,-5.355667484614969,33.07915559344389
9444,573.0,561.8087799213101,11.191220078689867,29.68895319474575
10620,567.0,566.0118003576581,0.9881996423418968,30.115640388923072
3417,572.0,607.5227565351153,-35.52275653511526,28.41052461554448
8413,492.0,496.50089438929035,-4.500894389290352,33.81066515586291
14491,432.0,436.25074581215586,-4.250745812155856,33.40259716424791
17979,350.0,352.9757881596455,-2.9757881596455036,32.213320116357444
5414,383.0,390.28137306758873,-7.281373067588731,32.54292154693751
5980,577.0,574.7840324402149,2.215967559785099,32.70626180831272
5647,425.0,423.95253592546374,1.0474640745362649,28.50842875914161
1564,526.0,518.4631361171033,7.536863882896682,33.446616845419165
11407,346.0,368.62003477962634,-22.620034779626337,30.220141390610927
11782,531.0,520.2961445863673,10.70385541363271,28.4770521665224
16159,428.0,440.79993213944226,-12.799932139442262,29.318591548655398
10642,555.0,554.3183591145885,0.6816408854115252,30.237909968547566
14661,463.0,471.34793955868304,-8.347939558683038,30.002746273136836
6009,553.0,551.6125608320922,1.3874391679078144,32.67399237189648
17536,524.0,534.9303812859487,-10.93038128594867,29.988220673143296
5104,428.0,441.00681282383573,-13.00681282383573,29.98351722158327
9101,363.5966985,372.05756109908424,-8.460862599084237,32.93626365251783
6340,501.0,511.9852092546228,-10.985209254622816,33.45493602620933
17597,635.0,588.6307435207771,46.36925647922294,32.423956646147325
18768,440.0,464.21348010385594,-24.213480103855943,32.078575919766116
2672,437.0,431.6768386880228,5.323161311977174,33.54700177815498
13407,464.0,456.1672574556216,7.832742544378391,33.68335928094272
757,469.0,471.99038211555484,-2.990382115554837,32.81096405581758
2709,516.0,499.2188440969207,16.78115590307931,33.134826125443055
3758,537.0,536.4572677963275,0.5427322036724718,34.18613781971226
6133,392.0,401.4105942874826,-9.410594287482581,32.514262803309194
2911,456.9966182,428.3464305338459,28.650187666154125,27.649744930860308
3059,440.2,468.62360093432284,-28.42360093432285,29.52874912347803
12707,431.0,424.8150860805953,6.184913919404721,28.477855257416632
9187,637.0,636.9880673622133,0.011932637786685518,30.160081581222354
1828,488.0,487.9004735428384,0.09952645716157349,34.94728851884678
5057,391.0,391.2551306489207,-0.25513064892072634,28.475857590197787
18641,403.0,418.3850393333196,-15.385039333319583,33.76672829619159
3745,543.3518006,537.6514948036627,5.700305796337375,34.000590116991106
3144,521.0,515.448762402899,5.5512375971010215,32.38175153546195
8098,350.0,353.6540200987814,-3.654020098781416,32.83586855083944
3453,532.0,477.2627274247132,54.737272575286795,28.46008542093782
19833,558.0,556.274029668393,1.725970331606959,34.158791561306266
4159,587.0,566.8151879172938,20.18481208270623,30.074470740413357
18484,503.0,503.1118191171054,-0.11181911710542636,34.11590974270111
18298,439.0,441.2391655271481,-2.2391655271480886,33.407445067387094
8080,357.0,363.27953048267625,-6.27953048267625,31.28400791690024
7001,455.0,450.4969286120201,4.503071387979901,31.88406274576082
13789,527.0,519.6903348580906,7.309665141909363,32.61786117363739
6821,543.0,532.9936091237142,10.006390876285764,34.02622626376047
4577,718.0,683.2015511225055,34.79844887749448,33.47076558814915
12825,715.0,699.9714282618195,15.028571738180517,33.93172361624788
2568,388.0,397.1284114215207,-9.128411421520696,34.03762271241607
18846,575.0,571.9621883065367,3.0378116934632544,34.39405948664446
7729,396.0,402.90618807974306,-6.90618807974306,33.25647421218686
17883,492.0,476.86755945196893,15.13244054803107,32.92076530586959
1959,484.0,526.6915834117677,-42.69158341176774,30.151084535467458
13968,550.0,540.1647860515927,9.835213948407272,34.04299837321376
1071,535.0,536.4712562487365,-1.4712562487364949,34.07892325426833
16609,602.0,590.8711899813106,11.128810018689364,33.415920227436814
11135,360.0,365.47368819432995,-5.473688194329952,30.05597556438005
10580,513.0,516.0930572569455,-3.0930572569454853,32.61642574552099
6175,641.0,647.9896631793332,-6.989663179333206,28.388343011549242
852,421.0,422.89113466666817,-1.8911346666681652,29.2834901575435
5531,324.0,341.27515512615355,-17.27515512615355,32.41571679466768
2064,377.0,385.0980201956344,-8.098020195634376,32.277917508802894
4469,323.4152652,329.88135086510874,-6.4660856651087215,33.275611322438394
12210,646.0,580.1110833905808,65.8889166094192,28.832643984312018
7333,390.0,411.3374593385694,-21.337459338569374,33.62312786514624
20150,653.0,640.4583000232035,12.541699976796508,34.20473069866078
3965,443.0,447.31348118529553,-4.3134811852955295,29.9758115450611
14162,490.9180167,487.72820334772723,3.189813352272779,32.941188256271516
4561,556.0,568.7165341212519,-12.716534121251925,30.29888929177664
19838,560.0,555.7987806089761,4.201219391023869,34.13024507320007
18814,614.0,612.633575578791,1.3664244212089898,34.409515165895876
3904,551.0,550.8329158741183,0.16708412588172905,33.66821779618178
16554,630.0,617.6105156498322,12.389484350167777,33.812148932724426
12937,665.0,657.4549736471372,7.545026352862806,33.85049250847945
8162,426.0,437.4821904008332,-11.48219040083319,33.36341858872433
10243,551.5,554.6634632785358,-3.163463278535801,29.847344568872817
4551,542.0,543.6450425341679,-1.645042534167942,33.759305188082756
16550,706.0,693.6737634637196,12.326236536280362,34.429600494004845
12597,646.0,643.1890281446226,2.8109718553773746,34.343726407838865
10825,553.0,547.5827599757955,5.417240024204489,33.1099438934505
9959,534.0,529.8413366276716,4.158663372328419,34.472773045682345
7634,587.0,575.8934967218324,11.106503278167565,34.09238788251934
8483,457.0,463.525756193494,-6.525756193493976,34.039742086032696
17272,434.0,441.8521316352048,-7.852131635204785,34.12241204545744
7427,483.0,492.82211223576275,-9.822112235762745,34.067251351128434
14014,428.0,434.7498616093966,-6.749861609396589,33.34833495843653
19021,620.5,615.3909735152201,5.109026484779861,33.777040979731225
9804,501.0,494.7620491688106,6.23795083118938,33.76781702048644
5436,469.0,455.52227001728505,13.477729982714948,32.56565631245119
2737,440.0,441.6854117475374,-1.6854117475373869,34.44923811854667
3261,924.0,879.3863294392388,44.61367056076119,33.85172705086496
8979,544.0,529.1172084576466,14.882791542353402,32.498557844573185
6987,416.0,422.8268745831084,-6.826874583108406,33.688426318381325
15620,391.0,403.7479816567915,-12.747981656791524,30.188295062091075
12090,518.0,521.9599575556373,-3.9599575556372884,32.51880167711305
10056,424.0,426.20998207205776,-2.2099820720577554,33.01484262862972
2980,570.0,547.5568793120067,22.443120687993314,33.28918462772294
4735,338.0,350.61196102066276,-12.611961020662761,32.48275162038783
17490,641.0,619.1824636469711,21.817536353028913,33.798625079452215
14998,615.0,617.4239103629186,-2.4239103629186047,33.976840964712416
8239,561.0,548.7619468640712,12.238053135928794,28.51744365555529
3178,632.0,639.1794720006533,-7.179472000653277,33.06320189134019
14095,514.0,517.4255713076737,-3.4255713076737493,29.627041335354544
14705,493.0,464.1443167723065,28.855683227693476,29.711138180847197
9832,518.0,519.8220883418651,-1.8220883418650828,28.04378188316389
11798,551.0,554.1796806778757,-3.1796806778756945,28.51105581630613
20106,351.0,377.15219807094485,-26.15219807094485,33.8334607482812
2871,418.0077749,439.1847954954207,-21.177020595420686,27.58774207242835
20163,466.0,467.30788942817486,-1.3078894281748603,33.85603706023239
779,644.0,631.8088702668068,12.19112973319318,30.29038431904382
10336,292.4406061,306.4098119318887,-13.9692058318887,34.21156459005599
979,437.0,438.6136280707488,-1.6136280707488027,33.09019004979627
10638,542.0,545.8660023328782,-3.8660023328782245,33.709587509044596
6496,594.0,610.7766154987683,-16.77661549876825,28.565515742267618
5725,682.0,683.2625082218135,-1.2625082218135049,30.198416770143876
6598,435.0,442.87862465384137,-7.878624653841371,33.96000394652688
4388,371.0,394.7585384822548,-23.758538482254778,26.83598285340806
4269,547.0,543.6744348217678,3.325565178232182,33.95569238481204
9414,495.0,496.3885156671381,-1.3885156671381083,33.806712159512074
3716,405.0,404.2537557957624,0.7462442042375983,33.24627392422395
3694,437.0,446.30267129346186,-9.302671293461856,33.41081707521506
8974,425.0,433.53767402075215,-8.53767402075215,33.51241337277649
1938,470.0,475.1207787298599,-5.120778729859921,32.72294646080012
7622,558.0,546.8704349954673,11.129565004532651,33.29770291501818
9783,641.0,596.8875040660931,44.11249593390687,29.629717946353683
1622,477.0,467.12064233491816,9.87935766508184,32.93247794412162
11450,369.0,370.0485486291544,-1.0485486291544248,33.0328360416417
4485,318.9792663,325.30948382642555,-6.3302175264255425,32.5657848936529
10343,497.0,497.92242011206685,-0.9224201120668454,33.64820941100409
11815,573.0659026,568.3320330862596,4.7338695137403874,28.588456769197464
18424,500.0,500.0052032102227,-0.005203210222703092,34.08318010158676
13064,454.0,456.69980938386226,-2.6998093838622594,33.15344895108907
14624,461.0,464.8253171314725,-3.8253171314725023,33.94664531549452
10194,543.0,538.3848957889497,4.615104211050266,33.09418795251122
18737,469.0,453.0145037371017,15.985496262898323,32.94232923279445
3121,382.0001528,389.03960209084806,-7.03944929084804,27.45502842480638
10260,539.5,538.6233599787279,0.8766400212721237,29.677329148806717
913,375.0,380.5584090872131,-5.558409087213079,33.47118962526906
12638,413.0,465.30152052301065,-52.30152052301065,28.542999969817746
18825,478.0,472.3694488454329,5.630551154567115,33.445022039599834
18137,466.0,468.06465553397953,-2.0646555339795327,28.50015718436322
8973,533.0,534.9073039565357,-1.9073039565356567,32.55075432121786
17664,473.0,480.3395635911534,-7.339563591153421,32.64353969070817
6156,632.0,556.8814529463325,75.1185470536675,30.12224618900442
6520,549.0,549.0636671801365,-0.06366718013646278,33.31123138200122
19064,509.0,511.4113836285599,-2.4113836285599177,33.021145714906396
8226,503.0,512.0596597449651,-9.059659744965074,33.07717334195843
7752,405.0,408.81920277964997,-3.81920277964997,33.52142081136099
19039,603.0,610.0723545366598,-7.072354536659759,33.86748004482314
7015,428.0,422.58639156381616,5.413608436183836,32.977620546149474
2542,389.0,398.9856517058926,-9.985651705892622,33.86249399701021
18664,556.0,546.3662054624527,9.63379453754726,33.61034672290147
18603,456.0,462.4632978892809,-6.463297889280909,34.10190615020092
5106,446.0,441.00681282383573,4.99318717616427,29.98351722158327
18073,472.0,486.0758212827166,-14.075821282716618,30.225489747082275
15396,552.0,550.1142894546182,1.8857105453818122,33.50095435487091
7740,398.0,396.51427860522705,1.485721394772952,33.253239831605505
3652,437.0,443.8729611204308,-6.872961120430773,33.277917612078554
17689,738.0,733.9344835553734,4.06551644462661,33.7885762870531
620,586.0,576.0391418369126,9.960858163087437,33.358886306340516
2931,383.9950849,428.3464305338459,-44.35134563384588,27.649744930860308
13843,601.0,594.8155285388968,6.184471461103158,33.5642931086976
5423,410.0,409.1917563344991,0.8082436655009246,32.58342127163677
7453,657.0,663.1074740764616,-6.107474076461585,33.625534529093215
13955,606.0,583.3055624009523,22.69443759904766,33.48492483349946
18617,485.0,486.4704563331306,-1.4704563331305849,34.603778165435045
19644,661.0,636.4597135878997,24.540286412100272,33.640836297562274
8020,715.0,700.6566807036538,14.34331929634618,33.857726029380984
8003,613.0,618.8923036341123,-5.892303634112295,33.68292179446952
13308,480.0,478.1078757981,1.8921242019000033,33.487236594889346
15067,524.0,502.9782827509216,21.021717249078392,32.84782590374184
3504,552.0,530.491312238249,21.508687761751048,33.669091870610075
3106,438.0201489,402.676171627228,35.34397727277201,28.08777806134563
2388,545.0,546.5829537157942,-1.5829537157942468,34.661941792548774
11110,521.0,543.8009090129726,-22.800909012972625,33.37792884286581
4530,438.0,445.37379621879455,-7.373796218794553,34.596178959447805
4618,409.4164456,418.81084461096555,-9.394399010965572,33.6666501240863
11909,414.0,421.7292364948527,-7.729236494852728,32.998397872736184
19431,408.0,411.0029526078002,-3.0029526078001822,34.267133894193805
6120,410.0,429.19164252188517,-19.19164252188517,34.39999914086364
12278,395.0,405.1031417160774,-10.103141716077403,32.85136762284289
10346,493.0,501.08305394565684,-8.083053945656843,34.49366817835914
5050,382.0,390.8105204307204,-8.810520430720373,33.95263472768795
731,537.0,536.7561352905587,0.2438647094412545,34.50824158692847
5147,611.0,574.714220186916,36.28577981308399,29.98053200603364
17283,419.0,428.9776393431445,-9.977639343144517,33.52034383853131
18673,420.0,431.4338234459349,-11.433823445934877,33.60775608761596
12703,424.0,424.8150860805953,-0.8150860805952789,28.477855257416632
12646,423.0,435.3030528250237,-12.303052825023713,33.086690935396874
14370,493.0,500.45479762365335,-7.454797623653349,34.33173319209325
12199,541.0,560.3839696435434,-19.383969643543423,30.279458592946508
18117,460.0,453.8214597326929,6.178540267307085,29.848924974631462
9449,615.0,614.7144845546366,0.2855154453634441,33.0604673628425
14286,415.3266332,413.80844199703006,1.5181912029699447,33.32633413907855
3718,416.0,415.9758126409196,0.02418735908037206,33.28536569714592
18055,489.0,471.9613873352305,17.038612664769516,33.36791320373454
17352,563.0,555.0261660281312,7.973833971868771,32.92671771379713
16614,650.0,610.7766154987683,39.22338450123175,28.565515742267618
17948,611.0,604.3267460367076,6.673253963292382,30.199843205390604
609,427.0,443.0798697090625,-16.079869709062507,33.80550013944181
6918,443.0,460.3009384602107,-17.300938460210716,30.174261637080097
10564,381.0,406.8239507880171,-25.8239507880171,32.76581472345448
12643,487.0,465.30152052301065,21.69847947698935,28.542999969817746
4438,621.0,605.6864920140124,15.313507985987599,33.465872496974704
3770,517.0,503.4007959964593,13.599204003540706,32.43735523078849
8234,563.0,548.7619468640712,14.238053135928794,28.51744365555529
2584,393.0,381.31527118826097,11.684728811739035,30.225720765104096
9893,462.0,472.8714394168702,-10.871439416870203,32.888899915061764
6234,470.0,468.3590014851152,1.6409985148848136,33.93428955558033
19914,517.0,515.1926753970877,1.807324602912331,34.62566682697241
4503,527.0,532.529850092105,-5.529850092104994,33.87368920424577
7965,677.0,681.6249626434058,-4.624962643405752,33.66754049966976
12333,484.0,475.6155722178979,8.38442778210208,33.38000280833267
1478,644.0,638.6501112739528,5.3498887260471975,33.580869676838255
17957,598.0,601.7186922734008,-3.7186922734008476,31.820388811876068
876,432.0,439.333518317255,-7.333518317255027,33.1474547986172
12716,427.0,423.11082619548404,3.8891738045159627,29.863895390329137
9831,532.0,520.0721578712942,11.927842128705834,28.137858278900154
18332,435.0,447.47575508119024,-12.475755081190243,33.13013510663038
1581,498.0,481.611248062278,16.38875193772202,32.8323013222274
14663,484.0,471.34793955868304,12.652060441316962,30.002746273136836
1272,603.0,603.838580902015,-0.8385809020149964,31.514343733610826
19341,599.0,597.6373392608234,1.3626607391765901,34.39147089753253
7876,604.0,598.5572993590827,5.442700640917337,33.67725373372851
10556,460.0,455.5569251390172,4.44307486098279,32.86277604437042
18487,523.0,532.3331589617392,-9.333158961739173,33.73353434754257
2147,680.0,674.7406710818825,5.25932891811749,34.348404924477556
19081,625.0,610.3183493380784,14.681650661921594,33.267955675416765
3863,515.0,517.9178422210693,-2.9178422210693498,34.101461721519875
17802,626.0,620.7773608436472,5.222639156352784,29.532234320146536
19432,389.0,387.440022338395,1.5599776616049894,33.12068260317562
13821,328.0,336.624407859244,-8.624407859244002,32.90794628072502
15548,419.0,428.55411024983323,-9.55411024983323,33.0362232078149
14097,520.0,520.2473332082454,-0.24733320824543625,29.60290944940397
16950,537.0,544.4683319744637,-7.468331974463695,32.58671795715853
13440,390.0,393.7526180772925,-3.7526180772924818,32.5617309077591
15448,415.0,422.1291128971041,-7.129112897104108,33.02947086742886
3262,830.0,803.0740594357319,26.925940564268103,34.286822753817894
17493,406.0,417.34361214292375,-11.343612142923746,33.15823386984005
767,506.0,489.7035200044308,16.2964799955692,32.81852255050418
14751,684.0,683.9252947648118,0.07470523518816208,34.38804831230026
8223,416.0,417.38087133326337,-1.3808713332633715,29.886845876039473
72,538.0,540.4681715738093,-2.468171573809286,34.265937633586645
17787,635.0,622.5057270392823,12.494272960717694,32.71082529210974
2469,442.0,451.517697138996,-9.517697138996027,33.66663764783763
12851,603.0,597.6220724597816,5.377927540218366,34.289928147451995
7260,371.0,370.6663436543048,0.3336563456952035,29.92732143210286
4497,520.0,526.6344128890762,-6.634412889076202,33.945146683287824
9438,541.0,561.8087799213101,-20.808779921310133,29.68895319474575
12664,417.0,419.25886231368116,-2.2588623136811634,29.452702958536698
14242,386.344086,393.33934320596745,-6.995257205967448,33.39450892117611
9128,423.6031686,433.08653719974654,-9.483368599746541,29.677735886290026
6335,535.0,542.9360949494977,-7.936094949497715,33.91238132313598
6824,414.0,420.03174172826687,-6.031741728266866,30.84902146799726
8791,530.0,584.8322559443285,-54.832255944328494,29.697651551499668
10662,656.0,652.7788208020338,3.221179197966194,30.32011815141261
5394,422.0,430.5334057965725,-8.533405796572481,33.234025776998735
5991,621.0,613.6797111848231,7.320288815176923,33.23857554805125
11843,332.0,346.795904621158,-14.795904621158002,32.63278520068609
7167,456.0,459.2559854562917,-3.2559854562916826,33.24930489504189
6178,664.0,647.9896631793332,16.010336820666794,28.388343011549242
15522,516.0,518.1810645780471,-2.181064578047085,32.36791888714361
12641,485.0,465.30152052301065,19.69847947698935,28.542999969817746
17744,592.0,591.0607525817625,0.9392474182375281,32.56405376849056
13609,640.0,614.0859477218974,25.914052278102645,33.771634699781785
10364,666.0,659.8178486989506,6.18215130104943,30.147441336272177
12221,490.0,479.25857169567615,10.741428304323847,29.990245727070686
9662,571.0,542.1715978274784,28.828402172521578,30.137863519757122
3112,384.4970778,389.03960209084806,-4.542524290848064,27.45502842480638
11145,365.2650823,374.3428639620006,-9.077781662000575,32.80135086606234
18407,432.0,436.6556388673083,-4.655638867308312,29.761660949596802
14109,412.0,420.22219142693325,-8.22219142693325,34.29691016355263
8696,463.0,467.1442300033237,-4.144230003323685,29.908480848434714
18141,462.0,468.06465553397953,-6.064655533979533,28.50015718436322
13725,474.0,470.5389441330512,3.4610558669488114,30.205731508148574
5390,419.0,427.8614067968221,-8.86140679682211,33.58161833480679
9226,630.0,611.7114464066677,18.288553593332267,33.296799142091004
18593,645.0,639.7487332518241,5.251266748175908,33.98543293121882
14387,591.0,596.3078768164066,-5.307876816406633,30.137357598161287
5736,413.0,418.09650926039376,-5.096509260393759,34.233116479528896
3648,491.0,472.7594917439076,18.240508256092426,32.784038398108756
10786,438.0,444.9191617681465,-6.919161768146523,29.99739065879048
10639,550.0,554.3183591145885,-4.318359114588475,30.237909968547566
12015,468.0,472.33662491016315,-4.336624910163152,33.87764959642839
5671,651.0,645.0867809029771,5.913219097022875,34.40565301965058
18343,456.0,459.15484295947215,-3.1548429594721483,33.48753601765921
4818,528.0,525.4749969424703,2.525003057529716,33.861710277419256
17264,427.0,433.8372675404131,-6.837267540413109,33.8970351374896
877,465.0,462.2749843172607,2.725015682739297,32.83652890747732
10847,617.0,581.0105871996998,35.989412800300215,32.33888167015269
13039,400.0,409.3569974244418,-9.356997424441772,32.748691335019
8467,452.0,454.3781297420836,-2.3781297420836154,33.24572121310096
15127,499.0,534.2907981431023,-35.29079814310228,31.674165240597326
19693,728.0,722.5194173464871,5.480582653512897,34.92337188318842
2578,409.0,413.6810388821065,-4.68103888210652,34.695659768067785
7972,626.0,631.4200145476163,-5.420014547616347,33.622805966746725
13014,390.0,400.3593834630952,-10.359383463095185,32.16476026045821
7007,423.0,428.489596042016,-5.4895960420159895,33.6489206601067
13758,472.0,483.61660223829756,-11.61660223829756,33.1355048046476
11856,489.0,469.9275426465095,19.072457353490506,33.11885777718484
13893,361.0,379.70370383867026,-18.703703838670265,33.5644148422848
10241,554.5,554.6634632785358,-0.16346327853580078,29.847344568872817
19735,478.0,470.63928383090746,7.360716169092541,33.55087551965868
17794,602.0,608.1432503236092,-6.143250323609209,32.596641214593774
2866,441.5011038,439.1847954954207,2.3163083045793087,27.58774207242835
11791,550.0,554.1796806778757,-4.1796806778756945,28.51105581630613
11760,435.0,438.92976595955736,-3.9297659595573577,27.63404245633289
5060,398.0,391.2551306489207,6.744869351079274,28.475857590197787
3155,622.0,607.9373839747539,14.062616025246143,33.673893068074
12532,332.0,349.1010033917162,-17.101003391716176,34.46978063926485
756,452.0,453.2274162246096,-1.2274162246096125,32.84490752450383
3260,783.0,764.7480981550918,18.25190184490816,34.22126629618523
13278,704.0,695.2978966104553,8.702103389544732,33.515545628348214
7703,393.0,400.1901171564107,-7.190117156410679,33.28219913405896
6394,527.0,514.5898378137658,12.410162186234174,33.949704882546364
6252,463.0,456.4816425094289,6.518357490571077,33.58851011562741
2551,388.0,401.8608350578968,-13.860835057896793,33.894550143339224
18112,459.0,456.5427792927013,2.4572207072986885,33.03923563701216
18299,447.0,446.11250748388653,0.8874925161134684,33.429008701928666
4386,353.0,394.7585384822548,-41.75853848225478,26.83598285340806
926,405.0,415.4520470040751,-10.452047004075098,33.9670590425257
19456,478.0,479.02539002751615,-1.0253900275161527,33.37402551645859
5842,455.499934,456.9385907929897,-1.4386567929897183,29.86442586680785
5136,564.0,574.714220186916,-10.714220186916009,29.98053200603364
8062,484.0,475.64664083110597,8.35335916889403,33.28955318146607
6436,487.0,489.36940797203886,-2.3694079720388572,33.44719639075657
3626,411.0,408.2048345969214,2.795165403078613,28.57132317098294
16633,622.0,607.1975553069891,14.802444693010898,33.35605406417808
13035,390.0,397.00792241430634,-7.007922414306336,32.83311974971904
2939,426.0032376,428.3464305338459,-2.3431929338458986,27.649744930860308
894,548.0,541.9657817757143,6.034218224285723,33.953632293357764
2246,577.0,576.5210187489588,0.4789812510412048,33.505431827613016
5929,582.0,578.3420068446371,3.657993155362874,34.44153587921248
7992,763.0,751.5171725720671,11.482827427932875,34.231262747378665
14391,612.0,596.3078768164066,15.692123183593367,30.137357598161287
7952,628.0,627.138609237154,0.8613907628459856,33.67801495942188
4247,454.7500921,451.2509001876921,3.4991919123079356,32.65579300460705
19291,544.0,546.3665176823141,-2.366517682314111,34.40043347588766
20063,608.0,600.4555584106265,7.544441589373491,33.973228698507576
6495,600.0,598.7414942870105,1.2585057129895176,33.670522657835505
10046,718.0,703.3437248015739,14.656275198426101,34.43802939796134
13732,458.0,458.1599564461438,-0.1599564461437808,32.72511329641423
10350,429.0,440.3797823256306,-11.379782325630572,34.198277267222345
15140,600.0,566.9664736740818,33.03352632591816,31.715751832666946
15373,479.0,481.2685253788307,-2.2685253788307023,33.05656899114158
2443,467.0,479.8198032155798,-12.819803215579782,29.13150731156667
11528,339.0,347.3451430281709,-8.345143028170924,33.549731825632385
3161,628.0,624.0814515729346,3.9185484270653888,33.18391802976886
19090,622.0,621.4673728355547,0.53262716444533,34.01798752310325
5398,389.0,401.90129449300946,-12.901294493009459,32.95822597038003
3629,403.0,408.2048345969214,-5.204834596921387,28.57132317098294
9817,490.0,487.7633669370219,2.2366330629781146,33.95690923363064
19362,570.0,546.7441861111246,23.255813888875423,33.20143765968903
1113,591.0,585.9804705925807,5.019529407419327,33.5660266899289
19720,558.0,571.0504275246902,-13.050427524690235,31.286264139238178
6702,481.0,491.74358933201665,-10.743589332016654,30.01951634647205
10367,664.0,665.6376616311737,-1.637661631173728,33.637015398071725
519,436.0,438.5395193557465,-2.5395193557465063,33.31835275539008
5254,515.995872,520.7723487056006,-4.776476705600658,32.651605115432886
19257,482.0,474.5616836452818,7.438316354718211,30.064161982877014
17818,699.0,688.5235538086715,10.476446191328478,32.89185811558386
15465,436.0,447.13021687075684,-11.13021687075684,31.43619421389505
14492,433.0,441.4051491411562,-8.405149141156187,33.80156958299433
2739,507.0,495.7390733408981,11.260926659101926,32.93984197383653
534,432.0,449.30437756931497,-17.304377569314966,31.92080062641549
10653,538.0,543.2905818498782,-5.290581849878208,33.79356981290149
14828,413.0,425.97007932973565,-12.970079329735654,33.38283166968903
18351,482.0,484.59197295965663,-2.59197295965663,33.57485774446701
12766,555.0,553.9737168403176,1.0262831596824071,33.72974982983453
8323,444.0,451.5716848189759,-7.571684818975882,33.368215435483755
3735,419.9445983,425.6141114813606,-5.669513181360628,33.382893264504744
19777,475.0,468.6472816596654,6.352718340334604,33.737244441028466
19820,474.0,482.4557620235497,-8.45576202354971,33.35135895694057
20038,624.0,622.1902367183011,1.8097632816989062,34.50534236871732
12273,629.0,617.3499092800821,11.650090719917898,33.58617206885901
1472,435.0,445.2614095037446,-10.261409503744574,33.525210147718916
12711,416.0,423.11082619548404,-7.110826195484037,29.863895390329137
1199,490.0,478.45253987321854,11.54746012678146,32.93739485497932
10621,567.0,566.0118003576581,0.9881996423418968,30.115640388923072
848,413.0,423.8355501290994,-10.835550129099374,31.23078068746856
1273,603.0,603.0214253207866,-0.021425320786647717,31.536042382778835
19213,377.0,387.97792980315427,-10.977929803154268,33.143474587403375
19753,569.0,558.5430669259994,10.45693307400063,30.09178744296843
14227,494.0,481.5388700936684,12.461129906331621,33.44003781143847
6033,480.0,487.5902737715503,-7.590273771550301,34.53127764155536
2140,601.0,587.4219800025485,13.57801999745152,33.975472538724425
14775,455.0,453.623199699415,1.3768003005849891,33.09505943715397
2059,385.0,389.72441057938795,-4.72441057938795,33.468474238530334
14279,375.2446184,385.57600310401716,-10.331384704017182,33.64422052911788
18498,446.0,451.5798052758788,-5.579805275878812,33.45954100007235
3244,597.0,600.7738539868442,-3.7738539868441876,32.81939609451361
7927,616.0,596.5601889863354,19.439811013664553,33.43863432232691
15464,470.0,460.262786377309,9.737213622691002,29.303282441757148
827,411.0,425.7846201899419,-14.784620189941904,31.73501589296592
3212,534.0,531.4843760079286,2.5156239920713688,29.85220091496324
10440,443.0,438.537265082311,4.462734917688977,33.139524956294785
1514,570.0,540.3681015177916,29.631898482208385,29.862152012068897
8137,513.0,505.9868511223076,7.013148877692402,33.113592866524954
15538,460.0,462.8501639952628,-2.8501639952627897,33.71322244691437
17942,378.0,391.4268629489186,-13.426862948918597,34.35616866047098
12917,676.0,669.5103435427659,6.489656457234105,33.72113368067036
9114,366.0054169,388.3913949874195,-22.385978087419517,28.359212030162798
10790,429.0,444.9191617681465,-15.919161768146523,29.99739065879048
14702,435.0,464.1443167723065,-29.144316772306524,29.711138180847197
14024,474.0,464.75983552018965,9.240164479810346,32.850652041145416
4691,440.0,435.3271523396307,4.672847660369314,33.86303923807636
5167,528.0,513.3865144736887,14.613485526311251,32.47343922356838
4401,366.0,375.2612101672496,-9.261210167249601,32.862885807859975
10812,533.0,530.4033225082015,2.5966774917984594,32.83319994195372
15615,493.0,496.4808259945339,-3.480825994533916,34.45753711510779
19828,552.0,555.6349152688849,-3.6349152688849244,34.59970168354994
1448,524.0,516.5935829205644,7.406417079435641,33.379970963501
6982,487.0,488.7783209984601,-1.7783209984601172,33.709655913375045
5157,478.0,477.5858943833547,0.4141056166453154,30.219786526810154
8778,694.0,671.5363155233599,22.463684476640083,32.88930189791958
4614,412.0,421.8873858492402,-9.887385849240218,33.10379095406531
6151,506.0,502.29956388296205,3.7004361170379525,34.56751341904229
12317,435.0,422.1530403059743,12.846959694025713,29.781285119207134
9991,455.0,453.42392252572984,1.5760774742701642,33.67181522356934
122,633.0,624.7151163122376,8.28488368776243,34.72627125937587
15922,454.0,470.84156193980004,-16.841561939800044,31.6939047600149
5737,430.0,430.781995877551,-0.7819958775510258,33.74318007190838
4296,467.9866603,463.82098734530047,4.165672954699517,32.81744573396582
3818,538.0,534.9640094031015,3.0359905968985004,33.46099158969447
4178,634.0,623.901636363083,10.098363636917043,33.481122471642315
18070,495.0,486.0758212827166,8.924178717283382,30.225489747082275
10055,422.0,427.403897487207,-5.4038974872070185,32.991977608026275
15213,529.0,520.0315895100996,8.968410489900407,33.84593125967078
14518,478.0,478.67046931228055,-0.6704693122805452,33.41363324795012
314,549.0,547.1220114995837,1.8779885004163361,34.16690658920166
2200,515.995872,533.0554286461972,-17.05955664619728,28.47071738085591
11761,440.0,438.92976595955736,1.0702340404426423,27.63404245633289
16915,528.0,532.209419335641,-4.209419335640973,31.331545747657536
5659,435.0,442.1778987165412,-7.177898716541222,34.696122144336115
6692,578.0,554.0270268533488,23.972973146651157,32.97886327164101
7002,422.0,435.7608149104756,-13.760814910475574,31.854258542010665
17440,636.0,624.8690872336937,11.130912766306324,33.17633636065075
1343,385.0,389.90490170759364,-4.904901707593638,30.047458764817286
19153,740.0,739.0984282869492,0.901571713050771,34.08297701183264
10655,590.0,590.079190485829,-0.07919048582903088,33.67657428597827
17402,672.0,670.7681047819774,1.2318952180226006,34.709357312945876
12403,473.0,471.79817769556,1.201822304439986,34.029664388304106
420,481.0,487.59168525796366,-6.591685257963661,33.109227711321296
6570,515.0,516.4834057431505,-1.4834057431504561,34.47005840525202
9655,500.0,542.1715978274784,-42.17159782747842,30.137863519757122
15728,495.0,492.88928697416395,2.1107130258360485,33.92015291790785
8399,461.0,466.6240392746695,-5.624039274669485,34.44602287564304
8264,440.0,448.2743215525012,-8.274321552501192,34.093117861632294
3114,385.9960628,389.03960209084806,-3.0435392908480594,27.45502842480638
2468,541.0,531.7945414545381,9.205458545461852,33.7532655346685
15635,438.0,446.37864630709,-8.37864630708998,33.79289219274439
9406,417.0,420.1102756422887,-3.110275642288684,33.21616269910545
16934,517.0,529.8931371320285,-12.893137132028528,32.104275550325596
2967,549.0,531.1194979366303,17.880502063369704,32.47432179833891
3124,372.4949713,389.03960209084806,-16.54463079084809,27.45502842480638
14975,610.0,623.6336508707177,-13.633650870717702,29.86419093583222
12350,550.0,537.6808943057679,12.319105694232121,33.8813637425329
1275,575.0,574.1225752920741,0.8774247079259112,34.1824194971389
9089,703.0,698.5454002941091,4.454599705890928,30.167602295395678
12161,446.0,462.95336729816836,-16.95336729816836,33.12970938656886
19635,498.0,504.7706653264048,-6.77066532640481,34.297961696281554
16643,635.0,630.1927917629007,4.807208237099303,34.488356500630935
10319,490.0,492.0560974796658,-2.056097479665823,33.90574280453121
9602,488.0,490.8623935172407,-2.8623935172407187,32.88068075124293
10366,662.0,659.8178486989506,2.18215130104943,30.147441336272177
7203,531.0,528.8874981948113,2.1125018051886855,34.09179890199416
1570,549.0,539.156395216554,9.84360478344604,32.358040831585754
4463,291.3752914,297.55977435693353,-6.18448295693355,33.24010744225797
8532,621.0,602.7603254086808,18.239674591319158,33.94685044047745
2445,476.0,479.8198032155798,-3.819803215579782,29.13150731156667
132,683.0,643.2622222057697,39.73777779423028,33.48784333159613
15226,503.0,505.78192176529654,-2.781921765296545,34.72495494923397
3630,392.0,408.2048345969214,-16.204834596921387,28.57132317098294
19930,594.0,590.5072517680194,3.492748231980613,34.373736719006885
9802,519.0,517.3588619100744,1.6411380899255619,34.946399619087096
11790,551.0,554.1796806778757,-3.1796806778756945,28.51105581630613
2231,583.0,578.9007605848017,4.099239415198326,34.94761032514471
9132,446.0104366,433.08653719974654,12.923899400253447,29.677735886290026
16899,517.0,533.1386419887452,-16.138641988745235,32.80670893123484
18289,469.0,470.68325548060653,-1.6832554806065332,33.3180916885719
17557,387.0,396.6999693055291,-9.699969305529123,33.53012658639089
7800,548.0,536.158020316625,11.84197968337503,31.475771827451826
4780,519.4805195,518.2858625526333,1.1946569473667523,29.968192106673087
15840,504.0,511.3890347157914,-7.389034715791411,34.19898342944772
13161,418.0,429.64742334783807,-11.647423347838071,33.33611455794598
14382,714.0,709.1641778093716,4.835822190628392,34.34405837400549
